timestamp,temperature,atmospheric_pressure,relative_humidity,is_anomaly,anomaly_type,description
2026-08-28T06:35:42.468104+00:00,23.45,1013.92,77.22,0,normal,Normal operating conditions
2026-08-28T06:36:42.468104+00:00,23.59,1013.77,76.65,0,normal,Normal operating conditions
2026-08-28T06:37:42.468104+00:00,23.62,1013.76,76.56,0,normal,Normal operating conditions
2026-08-28T06:38:42.468104+00:00,23.53,1013.85,76.75,0,normal,Normal operating conditions
2026-08-28T06:39:42.468104+00:00,23.57,1013.95,76.82,0,normal,Normal operating conditions
2026-08-28T06:40:42.468104+00:00,23.49,1013.98,76.36,0,normal,Normal operating conditions
2026-08-28T06:41:42.468104+00:00,23.63,1013.98,76.21,0,normal,Normal operating conditions
2026-08-28T06:42:42.468104+00:00,23.58,1014.08,76.07,0,normal,Normal operating conditions
2026-08-28T06:43:42.468104+00:00,23.56,1014.04,76.18,0,normal,Normal operating conditions
2026-08-28T06:44:42.468104+00:00,23.64,1014.07,76.23,0,normal,Normal operating conditions
2026-08-28T06:45:42.468104+00:00,23.93,1014.03,75.94,0,normal,Normal operating conditions
2026-08-28T06:46:42.468104+00:00,23.84,1014.07,76.24,0,normal,Normal operating conditions
2026-08-28T06:47:42.468104+00:00,23.85,1014.0,75.83,0,normal,Normal operating conditions
2026-08-28T06:48:42.468104+00:00,23.95,1014.05,75.92,0,normal,Normal operating conditions
2026-08-28T06:49:42.468104+00:00,23.89,1014.06,75.84,0,normal,Normal operating conditions
2026-08-28T06:50:42.468104+00:00,23.94,1014.12,75.8,0,normal,Normal operating conditions
2026-08-28T06:51:42.468104+00:00,24.04,1014.12,75.78,0,normal,Normal operating conditions
2026-08-28T06:52:42.468104+00:00,24.13,1013.99,75.54,0,normal,Normal operating conditions
2026-08-28T06:53:42.468104+00:00,24.09,1013.93,75.32,0,normal,Normal operating conditions
2026-08-28T06:54:42.468104+00:00,24.29,1013.86,75.55,0,normal,Normal operating conditions
2026-08-28T06:55:42.468104+00:00,24.09,1013.84,75.47,0,normal,Normal operating conditions
2026-08-28T06:56:42.468104+00:00,24.18,1013.9,75.61,0,normal,Normal operating conditions
2026-08-28T06:57:42.468104+00:00,24.16,1013.87,75.76,0,normal,Normal operating conditions
2026-08-28T06:58:42.468104+00:00,24.16,1013.77,75.18,0,normal,Normal operating conditions
2026-08-28T06:59:42.468104+00:00,24.07,1013.82,75.09,0,normal,Normal operating conditions
2026-08-28T07:00:42.468104+00:00,24.19,1013.79,75.01,0,normal,Normal operating conditions
2026-08-28T07:01:42.468104+00:00,24.29,1013.78,75.03,0,normal,Normal operating conditions
2026-08-28T07:02:42.468104+00:00,24.23,1013.76,74.74,0,normal,Normal operating conditions
2026-08-28T07:03:42.468104+00:00,24.12,1013.8,74.44,0,normal,Normal operating conditions
2026-08-28T07:04:42.468104+00:00,24.16,1013.85,74.47,0,normal,Normal operating conditions
2026-08-28T07:05:42.468104+00:00,24.28,1013.84,74.19,0,normal,Normal operating conditions
2026-08-28T07:06:42.468104+00:00,24.3,1013.71,73.57,0,normal,Normal operating conditions
2026-08-28T07:07:42.468104+00:00,24.18,1013.64,73.63,0,normal,Normal operating conditions
2026-08-28T07:08:42.468104+00:00,24.11,1013.63,74.0,0,normal,Normal operating conditions
2026-08-28T07:09:42.468104+00:00,24.12,1013.7,73.54,0,normal,Normal operating conditions
2026-08-28T07:10:42.468104+00:00,24.15,1013.64,73.32,0,normal,Normal operating conditions
2026-08-28T07:11:42.468104+00:00,24.31,1013.52,73.39,0,normal,Normal operating conditions
2026-08-28T07:12:42.468104+00:00,24.38,1013.49,72.78,0,normal,Normal operating conditions
2026-08-28T07:13:42.468104+00:00,24.43,1013.48,72.79,0,normal,Normal operating conditions
2026-08-28T07:14:42.468104+00:00,24.48,1013.63,72.64,0,normal,Normal operating conditions
2026-08-28T07:15:42.468104+00:00,24.39,1013.66,72.65,0,normal,Normal operating conditions
2026-08-28T07:16:42.468104+00:00,24.6,1013.74,72.69,0,normal,Normal operating conditions
2026-08-28T07:17:42.468104+00:00,24.81,1013.65,72.38,0,normal,Normal operating conditions
2026-08-28T07:18:42.468104+00:00,24.72,1013.62,71.82,0,normal,Normal operating conditions
2026-08-28T07:19:42.468104+00:00,24.83,1013.62,71.27,0,normal,Normal operating conditions
2026-08-28T07:20:42.468104+00:00,24.73,1013.66,71.56,0,normal,Normal operating conditions
2026-08-28T07:21:42.468104+00:00,25.0,1013.9,71.67,0,normal,Normal operating conditions
2026-08-28T07:22:42.468104+00:00,24.9,1013.71,71.72,0,normal,Normal operating conditions
2026-08-28T07:23:42.468104+00:00,24.83,1013.68,71.44,0,normal,Normal operating conditions
2026-08-28T07:24:42.468104+00:00,24.85,1013.77,71.45,0,normal,Normal operating conditions
2026-08-28T07:25:42.468104+00:00,24.86,1013.68,70.8,0,normal,Normal operating conditions
2026-08-28T07:26:42.468104+00:00,24.84,1013.68,71.4,0,normal,Normal operating conditions
2026-08-28T07:27:42.468104+00:00,24.9,1013.76,71.16,0,normal,Normal operating conditions
2026-08-28T07:28:42.468104+00:00,24.79,1013.68,70.84,0,normal,Normal operating conditions
2026-08-28T07:29:42.468104+00:00,25.1,1013.61,71.09,0,normal,Normal operating conditions
2026-08-28T07:30:42.468104+00:00,25.02,1013.69,71.15,0,normal,Normal operating conditions
2026-08-28T07:31:42.468104+00:00,25.04,1013.69,70.84,0,normal,Normal operating conditions
2026-08-28T07:32:42.468104+00:00,25.13,1013.65,70.34,0,normal,Normal operating conditions
2026-08-28T07:33:42.468104+00:00,25.01,1013.66,70.86,0,normal,Normal operating conditions
2026-08-28T07:34:42.468104+00:00,25.07,1013.65,70.87,0,normal,Normal operating conditions
2026-08-28T07:35:42.468104+00:00,25.27,1013.67,70.63,0,normal,Normal operating conditions
2026-08-28T07:36:42.468104+00:00,25.43,1013.7,71.08,0,normal,Normal operating conditions
2026-08-28T07:37:42.468104+00:00,25.47,1013.59,70.47,0,normal,Normal operating conditions
2026-08-28T07:38:42.468104+00:00,25.69,1013.73,70.31,0,normal,Normal operating conditions
2026-08-28T07:39:42.468104+00:00,25.65,1013.83,69.84,0,normal,Normal operating conditions
2026-08-28T07:40:42.468104+00:00,25.55,1013.87,69.64,0,normal,Normal operating conditions
2026-08-28T07:41:42.468104+00:00,25.57,1013.83,69.71,0,normal,Normal operating conditions
2026-08-28T07:42:42.468104+00:00,25.76,1013.81,69.87,0,normal,Normal operating conditions
2026-08-28T07:43:42.468104+00:00,25.52,1013.79,69.49,0,normal,Normal operating conditions
2026-08-28T07:44:42.468104+00:00,25.4,1013.7,69.31,0,normal,Normal operating conditions
2026-08-28T07:45:42.468104+00:00,25.56,1013.58,69.26,0,normal,Normal operating conditions
2026-08-28T07:46:42.468104+00:00,25.53,1013.54,69.55,0,normal,Normal operating conditions
2026-08-28T07:47:42.468104+00:00,25.63,1013.65,69.4,0,normal,Normal operating conditions
2026-08-28T07:48:42.468104+00:00,25.58,1013.62,69.39,0,normal,Normal operating conditions
2026-08-28T07:49:42.468104+00:00,25.64,1013.52,69.32,0,normal,Normal operating conditions
2026-08-28T07:50:42.468104+00:00,25.7,1013.72,69.87,0,normal,Normal operating conditions
2026-08-28T07:51:42.468104+00:00,25.63,1013.67,69.21,0,normal,Normal operating conditions
2026-08-28T07:52:42.468104+00:00,25.61,1013.68,69.52,0,normal,Normal operating conditions
2026-08-28T07:53:42.468104+00:00,25.56,1013.61,68.62,0,normal,Normal operating conditions
2026-08-28T07:54:42.468104+00:00,25.6,1013.51,68.35,0,normal,Normal operating conditions
2026-08-28T07:55:42.468104+00:00,25.54,1013.49,67.67,0,normal,Normal operating conditions
2026-08-28T07:56:42.468104+00:00,25.43,1013.65,67.19,0,normal,Normal operating conditions
2026-08-28T07:57:42.468104+00:00,25.37,1013.78,68.22,0,normal,Normal operating conditions
2026-08-28T07:58:42.468104+00:00,25.31,1013.72,68.25,0,normal,Normal operating conditions
2026-08-28T07:59:42.468104+00:00,25.6,1013.61,68.07,0,normal,Normal operating conditions
2026-08-28T08:00:42.468104+00:00,25.76,1013.62,67.85,0,normal,Normal operating conditions
2026-08-28T08:01:42.468104+00:00,25.8,1013.49,67.68,0,normal,Normal operating conditions
2026-08-28T08:02:42.468104+00:00,25.82,1013.49,67.41,0,normal,Normal operating conditions
2026-08-28T08:03:42.468104+00:00,25.93,1013.56,67.4,0,normal,Normal operating conditions
2026-08-28T08:04:42.468104+00:00,26.02,1013.54,67.33,0,normal,Normal operating conditions
2026-08-28T08:05:42.468104+00:00,25.98,1013.55,67.22,0,normal,Normal operating conditions
2026-08-28T08:06:42.468104+00:00,26.28,1013.65,67.28,0,normal,Normal operating conditions
2026-08-28T08:07:42.468104+00:00,26.22,1013.53,67.61,0,normal,Normal operating conditions
2026-08-28T08:08:42.468104+00:00,26.29,1013.55,66.88,0,normal,Normal operating conditions
2026-08-28T08:09:42.468104+00:00,26.43,1013.56,66.42,0,normal,Normal operating conditions
2026-08-28T08:10:42.468104+00:00,26.4,1013.55,66.39,0,normal,Normal operating conditions
2026-08-28T08:11:42.468104+00:00,26.4,1013.51,66.25,0,normal,Normal operating conditions
2026-08-28T08:12:42.468104+00:00,26.45,1013.61,65.3,0,normal,Normal operating conditions
2026-08-28T08:13:42.468104+00:00,26.45,1013.59,65.42,0,normal,Normal operating conditions
2026-08-28T08:14:42.468104+00:00,26.44,1013.41,65.54,0,normal,Normal operating conditions
2026-08-28T08:15:42.468104+00:00,26.69,1013.27,65.82,0,normal,Normal operating conditions
2026-08-28T08:16:42.468104+00:00,26.67,1013.25,65.4,0,normal,Normal operating conditions
2026-08-28T08:17:42.468104+00:00,26.65,1013.34,65.58,0,normal,Normal operating conditions
2026-08-28T08:18:42.468104+00:00,26.89,1013.42,65.69,0,normal,Normal operating conditions
2026-08-28T08:19:42.468104+00:00,27.11,1013.43,65.91,0,normal,Normal operating conditions
2026-08-28T08:20:42.468104+00:00,27.07,1013.41,65.58,0,normal,Normal operating conditions
2026-08-28T08:21:42.468104+00:00,27.19,1013.28,65.78,0,normal,Normal operating conditions
2026-08-28T08:22:42.468104+00:00,27.16,1013.36,65.94,0,normal,Normal operating conditions
2026-08-28T08:23:42.468104+00:00,27.38,1013.39,65.27,0,normal,Normal operating conditions
2026-08-28T08:24:42.468104+00:00,27.36,1013.27,65.01,0,normal,Normal operating conditions
2026-08-28T08:25:42.468104+00:00,27.53,1013.3,64.7,0,normal,Normal operating conditions
2026-08-28T08:26:42.468104+00:00,27.39,1013.28,64.23,0,normal,Normal operating conditions
2026-08-28T08:27:42.468104+00:00,27.3,1013.28,64.62,0,normal,Normal operating conditions
2026-08-28T08:28:42.468104+00:00,27.38,1013.07,64.66,0,normal,Normal operating conditions
2026-08-28T08:29:42.468104+00:00,27.39,1013.09,65.16,0,normal,Normal operating conditions
2026-08-28T08:30:42.468104+00:00,27.14,1013.03,65.25,0,normal,Normal operating conditions
2026-08-28T08:31:42.468104+00:00,26.97,1013.14,65.24,0,normal,Normal operating conditions
2026-08-28T08:32:42.468104+00:00,27.11,1013.08,65.38,0,normal,Normal operating conditions
2026-08-28T08:33:42.468104+00:00,27.27,1013.08,65.3,0,normal,Normal operating conditions
2026-08-28T08:34:42.468104+00:00,27.33,1013.0,65.08,0,normal,Normal operating conditions
2026-08-28T08:35:42.468104+00:00,27.33,1013.02,65.28,0,normal,Normal operating conditions
2026-08-28T08:36:42.468104+00:00,27.22,1012.99,65.61,0,normal,Normal operating conditions
2026-08-28T08:37:42.468104+00:00,27.16,1012.91,65.47,0,normal,Normal operating conditions
2026-08-28T08:38:42.468104+00:00,27.31,1012.91,65.72,0,normal,Normal operating conditions
2026-08-28T08:39:42.468104+00:00,27.44,1012.97,65.67,0,normal,Normal operating conditions
2026-08-28T08:40:42.468104+00:00,27.74,1012.93,64.72,0,normal,Normal operating conditions
2026-08-28T08:41:42.468104+00:00,27.94,1012.89,64.58,0,normal,Normal operating conditions
2026-08-28T08:42:42.468104+00:00,28.08,1012.75,63.97,0,normal,Normal operating conditions
2026-08-28T08:43:42.468104+00:00,27.87,1012.68,63.98,0,normal,Normal operating conditions
2026-08-28T08:44:42.468104+00:00,27.93,1012.71,63.34,0,normal,Normal operating conditions
2026-08-28T08:45:42.468104+00:00,27.65,1012.71,63.07,0,normal,Normal operating conditions
2026-08-28T08:46:42.468104+00:00,27.73,1012.77,63.03,0,normal,Normal operating conditions
2026-08-28T08:47:42.468104+00:00,27.84,1012.78,63.12,0,normal,Normal operating conditions
2026-08-28T08:48:42.468104+00:00,27.76,1012.76,63.07,0,normal,Normal operating conditions
2026-08-28T08:49:42.468104+00:00,27.88,1012.72,63.14,0,normal,Normal operating conditions
2026-08-28T08:50:42.468104+00:00,27.86,1012.7,63.3,0,normal,Normal operating conditions
2026-08-28T08:51:42.468104+00:00,27.64,1012.59,62.63,0,normal,Normal operating conditions
2026-08-28T08:52:42.468104+00:00,27.4,1012.54,62.78,0,normal,Normal operating conditions
2026-08-28T08:53:42.468104+00:00,27.43,1012.56,63.03,0,normal,Normal operating conditions
2026-08-28T08:54:42.468104+00:00,27.65,1012.55,63.35,0,normal,Normal operating conditions
2026-08-28T08:55:42.468104+00:00,27.7,1012.48,62.95,0,normal,Normal operating conditions
2026-08-28T08:56:42.468104+00:00,27.57,1012.42,62.66,0,normal,Normal operating conditions
2026-08-28T08:57:42.468104+00:00,27.72,1012.56,62.02,0,normal,Normal operating conditions
2026-08-28T08:58:42.468104+00:00,27.82,1012.48,62.07,0,normal,Normal operating conditions
2026-08-28T08:59:42.468104+00:00,42.84,1012.33,62.28,1,temperature_spike,Sudden positive thermal spike (+15.0°C)
2026-08-28T09:00:42.468104+00:00,42.81,1012.3,61.75,1,temperature_spike,Sudden positive thermal spike (+15.0°C)
2026-08-28T09:01:42.468104+00:00,42.78,1012.35,61.57,1,temperature_spike,Sudden positive thermal spike (+15.0°C)
2026-08-28T09:02:42.468104+00:00,42.87,1012.38,61.92,1,temperature_spike,Sudden positive thermal spike (+15.0°C)
2026-08-28T09:03:42.468104+00:00,42.88,1012.27,62.15,1,temperature_spike,Sudden positive thermal spike (+15.0°C)
2026-08-28T09:04:42.468104+00:00,27.89,1012.37,62.11,0,normal,Normal operating conditions
2026-08-28T09:05:42.468104+00:00,27.93,1012.4,62.62,0,normal,Normal operating conditions
2026-08-28T09:06:42.468104+00:00,28.23,1012.4,62.45,0,normal,Normal operating conditions
2026-08-28T09:07:42.468104+00:00,28.39,1012.33,62.34,0,normal,Normal operating conditions
2026-08-28T09:08:42.468104+00:00,28.4,1012.36,61.83,0,normal,Normal operating conditions
2026-08-28T09:09:42.468104+00:00,28.23,1012.19,61.24,0,normal,Normal operating conditions
2026-08-28T09:10:42.468104+00:00,28.21,1012.18,61.77,0,normal,Normal operating conditions
2026-08-28T09:11:42.468104+00:00,28.39,1012.11,61.69,0,normal,Normal operating conditions
2026-08-28T09:12:42.468104+00:00,28.37,1012.1,61.55,0,normal,Normal operating conditions
2026-08-28T09:13:42.468104+00:00,28.48,1012.09,61.72,0,normal,Normal operating conditions
2026-08-28T09:14:42.468104+00:00,28.37,1012.1,62.41,0,normal,Normal operating conditions
2026-08-28T09:15:42.468104+00:00,28.43,1012.23,62.15,0,normal,Normal operating conditions
2026-08-28T09:16:42.468104+00:00,28.54,1012.22,61.82,0,normal,Normal operating conditions
2026-08-28T09:17:42.468104+00:00,28.48,1012.26,61.26,0,normal,Normal operating conditions
2026-08-28T09:18:42.468104+00:00,28.59,1012.34,61.17,0,normal,Normal operating conditions
2026-08-28T09:19:42.468104+00:00,28.59,1012.36,60.84,0,normal,Normal operating conditions
2026-08-28T09:20:42.468104+00:00,28.74,1012.2,60.52,0,normal,Normal operating conditions
2026-08-28T09:21:42.468104+00:00,28.52,1012.08,60.81,0,normal,Normal operating conditions
2026-08-28T09:22:42.468104+00:00,28.67,1012.02,60.06,0,normal,Normal operating conditions
2026-08-28T09:23:42.468104+00:00,28.35,1011.99,60.74,0,normal,Normal operating conditions
2026-08-28T09:24:42.468104+00:00,28.47,1011.95,60.68,0,normal,Normal operating conditions
2026-08-28T09:25:42.468104+00:00,28.34,1011.94,60.48,0,normal,Normal operating conditions
2026-08-28T09:26:42.468104+00:00,28.4,1012.01,60.37,0,normal,Normal operating conditions
2026-08-28T09:27:42.468104+00:00,28.54,1011.96,60.46,0,normal,Normal operating conditions
2026-08-28T09:28:42.468104+00:00,28.8,1011.89,59.91,0,normal,Normal operating conditions
2026-08-28T09:29:42.468104+00:00,29.0,1011.88,60.2,0,normal,Normal operating conditions
2026-08-28T09:30:42.468104+00:00,28.97,1012.01,60.01,0,normal,Normal operating conditions
2026-08-28T09:31:42.468104+00:00,29.03,1012.13,59.65,0,normal,Normal operating conditions
2026-08-28T09:32:42.468104+00:00,28.95,1012.08,59.6,0,normal,Normal operating conditions
2026-08-28T09:33:42.468104+00:00,28.8,1012.12,59.2,0,normal,Normal operating conditions
2026-08-28T09:34:42.468104+00:00,28.99,1011.92,58.73,0,normal,Normal operating conditions
2026-08-28T09:35:42.468104+00:00,28.82,1011.85,58.66,0,normal,Normal operating conditions
2026-08-28T09:36:42.468104+00:00,28.86,1011.84,58.44,0,normal,Normal operating conditions
2026-08-28T09:37:42.468104+00:00,28.94,1011.76,58.54,0,normal,Normal operating conditions
2026-08-28T09:38:42.468104+00:00,29.07,1011.8,58.56,0,normal,Normal operating conditions
2026-08-28T09:39:42.468104+00:00,29.15,1011.97,58.35,0,normal,Normal operating conditions
2026-08-28T09:40:42.468104+00:00,29.15,1011.9,57.82,0,normal,Normal operating conditions
2026-08-28T09:41:42.468104+00:00,29.04,1011.82,57.66,0,normal,Normal operating conditions
2026-08-28T09:42:42.468104+00:00,29.13,1011.83,57.26,0,normal,Normal operating conditions
2026-08-28T09:43:42.468104+00:00,29.29,1011.88,57.09,0,normal,Normal operating conditions
2026-08-28T09:44:42.468104+00:00,29.25,1011.92,57.06,0,normal,Normal operating conditions
2026-08-28T09:45:42.468104+00:00,29.12,1011.9,57.04,0,normal,Normal operating conditions
2026-08-28T09:46:42.468104+00:00,29.07,1011.91,56.42,0,normal,Normal operating conditions
2026-08-28T09:47:42.468104+00:00,29.29,1011.99,56.25,0,normal,Normal operating conditions
2026-08-28T09:48:42.468104+00:00,29.38,1011.78,55.78,0,normal,Normal operating conditions
2026-08-28T09:49:42.468104+00:00,29.39,1011.69,55.99,0,normal,Normal operating conditions
2026-08-28T09:50:42.468104+00:00,29.67,1011.59,55.64,0,normal,Normal operating conditions
2026-08-28T09:51:42.468104+00:00,29.72,1011.73,55.17,0,normal,Normal operating conditions
2026-08-28T09:52:42.468104+00:00,29.78,1011.87,54.57,0,normal,Normal operating conditions
2026-08-28T09:53:42.468104+00:00,29.64,1011.82,54.42,0,normal,Normal operating conditions
2026-08-28T09:54:42.468104+00:00,29.77,1011.82,53.83,0,normal,Normal operating conditions
2026-08-28T09:55:42.468104+00:00,29.86,1011.76,54.34,0,normal,Normal operating conditions
2026-08-28T09:56:42.468104+00:00,29.81,1011.7,54.55,0,normal,Normal operating conditions
2026-08-28T09:57:42.468104+00:00,29.92,1011.73,53.96,0,normal,Normal operating conditions
2026-08-28T09:58:42.468104+00:00,30.01,1011.63,54.08,0,normal,Normal operating conditions
2026-08-28T09:59:42.468104+00:00,29.85,1011.66,53.81,0,normal,Normal operating conditions
2026-08-28T10:00:42.468104+00:00,29.73,1011.71,53.93,0,normal,Normal operating conditions
2026-08-28T10:01:42.468104+00:00,29.7,1011.81,53.79,0,normal,Normal operating conditions
2026-08-28T10:02:42.468104+00:00,29.75,1011.81,53.59,0,normal,Normal operating conditions
2026-08-28T10:03:42.468104+00:00,29.85,1011.74,53.47,0,normal,Normal operating conditions
2026-08-28T10:04:42.468104+00:00,30.06,1011.64,52.65,0,normal,Normal operating conditions
2026-08-28T10:05:42.468104+00:00,30.28,1011.83,52.6,0,normal,Normal operating conditions
2026-08-28T10:06:42.468104+00:00,30.06,1011.78,52.58,0,normal,Normal operating conditions
2026-08-28T10:07:42.468104+00:00,30.06,1011.66,52.86,0,normal,Normal operating conditions
2026-08-28T10:08:42.468104+00:00,30.16,1011.52,53.15,0,normal,Normal operating conditions
2026-08-28T10:09:42.468104+00:00,30.43,1011.53,53.04,0,normal,Normal operating conditions
2026-08-28T10:10:42.468104+00:00,30.42,1011.57,52.45,0,normal,Normal operating conditions
2026-08-28T10:11:42.468104+00:00,30.46,1011.52,53.15,0,normal,Normal operating conditions
2026-08-28T10:12:42.468104+00:00,30.45,1011.65,52.76,0,normal,Normal operating conditions
2026-08-28T10:13:42.468104+00:00,30.53,1011.65,52.47,0,normal,Normal operating conditions
2026-08-28T10:14:42.468104+00:00,30.56,1011.72,52.38,0,normal,Normal operating conditions
2026-08-28T10:15:42.468104+00:00,30.37,1011.69,52.1,0,normal,Normal operating conditions
2026-08-28T10:16:42.468104+00:00,30.35,1011.66,51.55,0,normal,Normal operating conditions
2026-08-28T10:17:42.468104+00:00,30.19,1011.67,51.44,0,normal,Normal operating conditions
2026-08-28T10:18:42.468104+00:00,29.93,1011.7,51.62,0,normal,Normal operating conditions
2026-08-28T10:19:42.468104+00:00,29.91,1011.56,51.97,0,normal,Normal operating conditions
2026-08-28T10:20:42.468104+00:00,30.02,1011.73,52.14,0,normal,Normal operating conditions
2026-08-28T10:21:42.468104+00:00,30.14,1011.68,52.43,0,normal,Normal operating conditions
2026-08-28T10:22:42.468104+00:00,30.27,1011.74,52.22,0,normal,Normal operating conditions
2026-08-28T10:23:42.468104+00:00,30.27,1011.67,52.48,0,normal,Normal operating conditions
2026-08-28T10:24:42.468104+00:00,30.5,1011.59,52.29,0,normal,Normal operating conditions
2026-08-28T10:25:42.468104+00:00,30.58,1011.54,52.58,0,normal,Normal operating conditions
2026-08-28T10:26:42.468104+00:00,30.34,1011.45,52.24,0,normal,Normal operating conditions
2026-08-28T10:27:42.468104+00:00,30.11,1011.35,51.87,0,normal,Normal operating conditions
2026-08-28T10:28:42.468104+00:00,30.16,1011.43,51.76,0,normal,Normal operating conditions
2026-08-28T10:29:42.468104+00:00,30.11,1011.4,52.1,0,normal,Normal operating conditions
2026-08-28T10:30:42.468104+00:00,30.07,1011.31,52.23,0,normal,Normal operating conditions
2026-08-28T10:31:42.468104+00:00,30.13,1011.35,52.15,0,normal,Normal operating conditions
2026-08-28T10:32:42.468104+00:00,30.3,1011.25,52.07,0,normal,Normal operating conditions
2026-08-28T10:33:42.468104+00:00,30.34,1011.14,51.44,0,normal,Normal operating conditions
2026-08-28T10:34:42.468104+00:00,30.49,1011.11,51.05,0,normal,Normal operating conditions
2026-08-28T10:35:42.468104+00:00,30.54,1011.2,50.24,0,normal,Normal operating conditions
2026-08-28T10:36:42.468104+00:00,30.42,1011.11,50.79,0,normal,Normal operating conditions
2026-08-28T10:37:42.468104+00:00,30.52,1011.17,50.39,0,normal,Normal operating conditions
2026-08-28T10:38:42.468104+00:00,30.45,1011.2,50.43,0,normal,Normal operating conditions
2026-08-28T10:39:42.468104+00:00,30.59,1011.17,50.53,0,normal,Normal operating conditions
2026-08-28T10:40:42.468104+00:00,30.67,1011.22,50.81,0,normal,Normal operating conditions
2026-08-28T10:41:42.468104+00:00,30.53,1011.02,51.12,0,normal,Normal operating conditions
2026-08-28T10:42:42.468104+00:00,30.75,1010.94,50.4,0,normal,Normal operating conditions
2026-08-28T10:43:42.468104+00:00,30.81,1011.02,51.01,0,normal,Normal operating conditions
2026-08-28T10:44:42.468104+00:00,30.93,1010.99,50.63,0,normal,Normal operating conditions
2026-08-28T10:45:42.468104+00:00,30.98,1010.96,50.22,0,normal,Normal operating conditions
2026-08-28T10:46:42.468104+00:00,31.27,1011.11,50.6,0,normal,Normal operating conditions
2026-08-28T10:47:42.468104+00:00,31.18,1011.16,50.76,0,normal,Normal operating conditions
2026-08-28T10:48:42.468104+00:00,31.26,1011.25,50.9,0,normal,Normal operating conditions
2026-08-28T10:49:42.468104+00:00,31.38,1011.27,50.92,0,normal,Normal operating conditions
2026-08-28T10:50:42.468104+00:00,31.18,1011.25,50.62,0,normal,Normal operating conditions
2026-08-28T10:51:42.468104+00:00,31.07,1011.36,51.13,0,normal,Normal operating conditions
2026-08-28T10:52:42.468104+00:00,31.28,1011.34,51.47,0,normal,Normal operating conditions
2026-08-28T10:53:42.468104+00:00,31.32,1011.32,50.91,0,normal,Normal operating conditions
2026-08-28T10:54:42.468104+00:00,31.4,1011.29,50.32,0,normal,Normal operating conditions
2026-08-28T10:55:42.468104+00:00,31.42,1011.25,50.86,0,normal,Normal operating conditions
2026-08-28T10:56:42.468104+00:00,31.56,1011.22,50.8,0,normal,Normal operating conditions
2026-08-28T10:57:42.468104+00:00,31.58,1011.18,50.27,0,normal,Normal operating conditions
2026-08-28T10:58:42.468104+00:00,31.58,1011.09,49.73,0,normal,Normal operating conditions
2026-08-28T10:59:42.468104+00:00,31.67,1011.1,49.03,0,normal,Normal operating conditions
2026-08-28T11:00:42.468104+00:00,31.67,1011.16,49.37,0,normal,Normal operating conditions
2026-08-28T11:01:42.468104+00:00,31.81,1011.14,49.02,0,normal,Normal operating conditions
2026-08-28T11:02:42.468104+00:00,31.69,1011.14,49.12,0,normal,Normal operating conditions
2026-08-28T11:03:42.468104+00:00,31.87,1011.2,49.02,0,normal,Normal operating conditions
2026-08-28T11:04:42.468104+00:00,31.73,1011.14,49.04,0,normal,Normal operating conditions
2026-08-28T11:05:42.468104+00:00,31.72,1011.07,49.08,0,normal,Normal operating conditions
2026-08-28T11:06:42.468104+00:00,31.69,1011.0,49.12,0,normal,Normal operating conditions
2026-08-28T11:07:42.468104+00:00,31.67,1011.0,49.14,0,normal,Normal operating conditions
2026-08-28T11:08:42.468104+00:00,31.57,1010.94,49.55,0,normal,Normal operating conditions
2026-08-28T11:09:42.468104+00:00,31.47,1010.76,48.78,0,normal,Normal operating conditions
2026-08-28T11:10:42.468104+00:00,31.53,1010.76,48.67,0,normal,Normal operating conditions
2026-08-28T11:11:42.468104+00:00,31.72,1010.54,48.74,0,normal,Normal operating conditions
2026-08-28T11:12:42.468104+00:00,31.94,1010.47,48.53,0,normal,Normal operating conditions
2026-08-28T11:13:42.468104+00:00,31.87,1010.42,48.34,0,normal,Normal operating conditions
2026-08-28T11:14:42.468104+00:00,32.07,1010.59,48.17,0,normal,Normal operating conditions
2026-08-28T11:15:42.468104+00:00,32.32,1010.6,48.73,0,normal,Normal operating conditions
2026-08-28T11:16:42.468104+00:00,32.3,1010.62,48.75,0,normal,Normal operating conditions
2026-08-28T11:17:42.468104+00:00,32.68,1010.69,48.39,0,normal,Normal operating conditions
2026-08-28T11:18:42.468104+00:00,32.77,1010.67,48.13,0,normal,Normal operating conditions
2026-08-28T11:19:42.468104+00:00,32.84,1010.67,48.16,0,normal,Normal operating conditions
2026-08-28T11:20:42.468104+00:00,32.81,1010.7,48.22,0,normal,Normal operating conditions
2026-08-28T11:21:42.468104+00:00,32.54,1010.75,47.79,0,normal,Normal operating conditions
2026-08-28T11:22:42.468104+00:00,32.36,1010.74,47.75,0,normal,Normal operating conditions
2026-08-28T11:23:42.468104+00:00,32.28,1010.8,47.21,0,normal,Normal operating conditions
2026-08-28T11:24:42.468104+00:00,32.24,1010.74,47.17,0,normal,Normal operating conditions
2026-08-28T11:25:42.468104+00:00,32.3,1010.65,47.39,0,normal,Normal operating conditions
2026-08-28T11:26:42.468104+00:00,32.32,1010.5,46.64,0,normal,Normal operating conditions
2026-08-28T11:27:42.468104+00:00,32.33,1010.49,46.6,0,normal,Normal operating conditions
2026-08-28T11:28:42.468104+00:00,32.35,1010.52,46.93,0,normal,Normal operating conditions
2026-08-28T11:29:42.468104+00:00,32.23,1010.44,46.51,0,normal,Normal operating conditions
2026-08-28T11:30:42.468104+00:00,32.29,1010.55,46.35,0,normal,Normal operating conditions
2026-08-28T11:31:42.468104+00:00,32.02,1010.42,46.05,0,normal,Normal operating conditions
2026-08-28T11:32:42.468104+00:00,32.0,1010.4,46.08,0,normal,Normal operating conditions
2026-08-28T11:33:42.468104+00:00,32.02,1010.5,45.85,0,normal,Normal operating conditions
2026-08-28T11:34:42.468104+00:00,31.96,1010.55,45.33,0,normal,Normal operating conditions
2026-08-28T11:35:42.468104+00:00,32.07,1010.56,45.34,0,normal,Normal operating conditions
2026-08-28T11:36:42.468104+00:00,32.31,1010.52,46.11,0,normal,Normal operating conditions
2026-08-28T11:37:42.468104+00:00,32.32,1010.42,46.11,0,normal,Normal operating conditions
2026-08-28T11:38:42.468104+00:00,32.22,1010.37,46.23,0,normal,Normal operating conditions
2026-08-28T11:39:42.468104+00:00,32.34,1010.34,46.53,0,normal,Normal operating conditions
2026-08-28T11:40:42.468104+00:00,32.51,1010.47,46.65,0,normal,Normal operating conditions
2026-08-28T11:41:42.468104+00:00,32.7,1010.33,46.46,0,normal,Normal operating conditions
2026-08-28T11:42:42.468104+00:00,32.61,1010.36,46.18,0,normal,Normal operating conditions
2026-08-28T11:43:42.468104+00:00,32.61,1010.53,46.06,0,normal,Normal operating conditions
2026-08-28T11:44:42.468104+00:00,32.68,1010.51,46.04,0,normal,Normal operating conditions
2026-08-28T11:45:42.468104+00:00,32.7,1010.55,46.39,0,normal,Normal operating conditions
2026-08-28T11:46:42.468104+00:00,32.91,1010.58,46.5,0,normal,Normal operating conditions
2026-08-28T11:47:42.468104+00:00,32.78,1010.57,46.73,0,normal,Normal operating conditions
2026-08-28T11:48:42.468104+00:00,32.9,1010.59,46.91,0,normal,Normal operating conditions
2026-08-28T11:49:42.468104+00:00,32.96,1010.68,46.86,0,normal,Normal operating conditions
2026-08-28T11:50:42.468104+00:00,32.92,1010.7,45.69,0,normal,Normal operating conditions
2026-08-28T11:51:42.468104+00:00,32.98,1010.39,45.02,0,normal,Normal operating conditions
2026-08-28T11:52:42.468104+00:00,33.04,1010.44,44.61,0,normal,Normal operating conditions
2026-08-28T11:53:42.468104+00:00,32.95,1010.56,44.45,0,normal,Normal operating conditions
2026-08-28T11:54:42.468104+00:00,33.23,1010.56,44.62,0,normal,Normal operating conditions
2026-08-28T11:55:42.468104+00:00,33.41,1010.57,44.27,0,normal,Normal operating conditions
2026-08-28T11:56:42.468104+00:00,33.38,1010.56,43.82,0,normal,Normal operating conditions
2026-08-28T11:57:42.468104+00:00,33.33,1010.5,44.2,0,normal,Normal operating conditions
2026-08-28T11:58:42.468104+00:00,33.32,1010.48,44.19,0,normal,Normal operating conditions
2026-08-28T11:59:42.468104+00:00,33.33,1010.54,43.86,0,normal,Normal operating conditions
2026-08-28T12:00:42.468104+00:00,33.2,1010.63,43.75,0,normal,Normal operating conditions
2026-08-28T12:01:42.468104+00:00,33.03,1010.65,43.96,0,normal,Normal operating conditions
2026-08-28T12:02:42.468104+00:00,32.86,1010.66,44.24,0,normal,Normal operating conditions
2026-08-28T12:03:42.468104+00:00,32.94,1010.7,43.74,0,normal,Normal operating conditions
2026-08-28T12:04:42.468104+00:00,33.0,1010.67,43.6,0,normal,Normal operating conditions
2026-08-28T12:05:42.468104+00:00,33.13,1010.78,44.26,0,normal,Normal operating conditions
2026-08-28T12:06:42.468104+00:00,33.3,1010.75,44.37,0,normal,Normal operating conditions
2026-08-28T12:07:42.468104+00:00,33.39,1010.74,44.38,0,normal,Normal operating conditions
2026-08-28T12:08:42.468104+00:00,33.49,1010.72,44.08,0,normal,Normal operating conditions
2026-08-28T12:09:42.468104+00:00,33.43,1010.76,44.06,0,normal,Normal operating conditions
2026-08-28T12:10:42.468104+00:00,33.46,1010.79,43.91,0,normal,Normal operating conditions
2026-08-28T12:11:42.468104+00:00,33.55,1010.8,43.46,0,normal,Normal operating conditions
2026-08-28T12:12:42.468104+00:00,33.71,1010.74,42.89,0,normal,Normal operating conditions
2026-08-28T12:13:42.468104+00:00,33.56,1010.64,42.97,0,normal,Normal operating conditions
2026-08-28T12:14:42.468104+00:00,33.52,1010.61,43.23,0,normal,Normal operating conditions
2026-08-28T12:15:42.468104+00:00,33.56,1010.63,43.39,0,normal,Normal operating conditions
2026-08-28T12:16:42.468104+00:00,33.62,1010.46,43.27,0,normal,Normal operating conditions
2026-08-28T12:17:42.468104+00:00,33.35,1010.47,43.27,0,normal,Normal operating conditions
2026-08-28T12:18:42.468104+00:00,33.49,1010.57,43.35,0,normal,Normal operating conditions
2026-08-28T12:19:42.468104+00:00,33.43,1010.61,43.15,0,normal,Normal operating conditions
2026-08-28T12:20:42.468104+00:00,33.44,1010.68,42.96,0,normal,Normal operating conditions
2026-08-28T12:21:42.468104+00:00,33.55,1010.73,42.64,0,normal,Normal operating conditions
2026-08-28T12:22:42.468104+00:00,33.67,1010.77,42.72,0,normal,Normal operating conditions
2026-08-28T12:23:42.468104+00:00,33.57,1010.68,42.55,0,normal,Normal operating conditions
2026-08-28T12:24:42.468104+00:00,33.64,1010.6,42.74,0,normal,Normal operating conditions
2026-08-28T12:25:42.468104+00:00,33.49,1010.58,42.8,0,normal,Normal operating conditions
2026-08-28T12:26:42.468104+00:00,33.79,1010.47,43.32,0,normal,Normal operating conditions
2026-08-28T12:27:42.468104+00:00,33.8,1010.51,43.32,0,normal,Normal operating conditions
2026-08-28T12:28:42.468104+00:00,33.84,1010.51,43.79,0,normal,Normal operating conditions
2026-08-28T12:29:42.468104+00:00,33.77,1010.6,43.48,0,normal,Normal operating conditions
2026-08-28T12:30:42.468104+00:00,33.76,1010.52,43.57,0,normal,Normal operating conditions
2026-08-28T12:31:42.468104+00:00,33.93,1010.52,43.43,0,normal,Normal operating conditions
2026-08-28T12:32:42.468104+00:00,33.78,1010.5,42.8,0,normal,Normal operating conditions
2026-08-28T12:33:42.468104+00:00,33.67,1010.53,43.24,0,normal,Normal operating conditions
2026-08-28T12:34:42.468104+00:00,34.01,1010.49,43.69,0,normal,Normal operating conditions
2026-08-28T12:35:42.468104+00:00,18.02,1010.49,43.74,1,temperature_drop,Sudden thermal drop plunge (-16.0°C)
2026-08-28T12:36:42.468104+00:00,18.01,1010.51,43.49,1,temperature_drop,Sudden thermal drop plunge (-16.0°C)
2026-08-28T12:37:42.468104+00:00,17.82,1010.39,43.63,1,temperature_drop,Sudden thermal drop plunge (-16.0°C)
2026-08-28T12:38:42.468104+00:00,17.79,1010.36,43.52,1,temperature_drop,Sudden thermal drop plunge (-16.0°C)
2026-08-28T12:39:42.468104+00:00,17.89,1010.4,43.19,1,temperature_drop,Sudden thermal drop plunge (-16.0°C)
2026-08-28T12:40:42.468104+00:00,34.03,1010.55,43.29,0,normal,Normal operating conditions
2026-08-28T12:41:42.468104+00:00,34.13,1010.65,43.59,0,normal,Normal operating conditions
2026-08-28T12:42:42.468104+00:00,34.18,1010.7,43.66,0,normal,Normal operating conditions
2026-08-28T12:43:42.468104+00:00,34.03,1010.75,43.06,0,normal,Normal operating conditions
2026-08-28T12:44:42.468104+00:00,33.92,1010.85,43.27,0,normal,Normal operating conditions
2026-08-28T12:45:42.468104+00:00,34.1,1010.81,42.76,0,normal,Normal operating conditions
2026-08-28T12:46:42.468104+00:00,34.06,1010.81,42.73,0,normal,Normal operating conditions
2026-08-28T12:47:42.468104+00:00,34.18,1010.77,42.78,0,normal,Normal operating conditions
2026-08-28T12:48:42.468104+00:00,34.04,1010.8,42.71,0,normal,Normal operating conditions
2026-08-28T12:49:42.468104+00:00,33.95,1010.77,42.57,0,normal,Normal operating conditions
2026-08-28T12:50:42.468104+00:00,33.92,1010.91,42.48,0,normal,Normal operating conditions
2026-08-28T12:51:42.468104+00:00,33.89,1010.73,42.1,0,normal,Normal operating conditions
2026-08-28T12:52:42.468104+00:00,33.87,1010.67,42.56,0,normal,Normal operating conditions
2026-08-28T12:53:42.468104+00:00,33.86,1010.78,42.51,0,normal,Normal operating conditions
2026-08-28T12:54:42.468104+00:00,33.88,1010.77,42.44,0,normal,Normal operating conditions
2026-08-28T12:55:42.468104+00:00,34.09,1010.58,41.67,0,normal,Normal operating conditions
2026-08-28T12:56:42.468104+00:00,34.02,1010.59,41.9,0,normal,Normal operating conditions
2026-08-28T12:57:42.468104+00:00,34.08,1010.58,42.22,0,normal,Normal operating conditions
2026-08-28T12:58:42.468104+00:00,34.2,1010.61,42.5,0,normal,Normal operating conditions
2026-08-28T12:59:42.468104+00:00,34.23,1010.57,42.66,0,normal,Normal operating conditions
2026-08-28T13:00:42.468104+00:00,34.23,1010.59,43.07,0,normal,Normal operating conditions
2026-08-28T13:01:42.468104+00:00,33.92,1010.49,42.52,0,normal,Normal operating conditions
2026-08-28T13:02:42.468104+00:00,33.89,1010.5,41.9,0,normal,Normal operating conditions
2026-08-28T13:03:42.468104+00:00,33.79,1010.45,42.71,0,normal,Normal operating conditions
2026-08-28T13:04:42.468104+00:00,34.04,1010.45,42.47,0,normal,Normal operating conditions
2026-08-28T13:05:42.468104+00:00,33.91,1010.33,42.32,0,normal,Normal operating conditions
2026-08-28T13:06:42.468104+00:00,33.81,1010.36,41.67,0,normal,Normal operating conditions
2026-08-28T13:07:42.468104+00:00,33.74,1010.41,41.76,0,normal,Normal operating conditions
2026-08-28T13:08:42.468104+00:00,33.83,1010.34,42.01,0,normal,Normal operating conditions
2026-08-28T13:09:42.468104+00:00,33.76,1010.43,41.93,0,normal,Normal operating conditions
2026-08-28T13:10:42.468104+00:00,33.63,1010.44,41.99,0,normal,Normal operating conditions
2026-08-28T13:11:42.468104+00:00,33.75,1010.46,42.45,0,normal,Normal operating conditions
2026-08-28T13:12:42.468104+00:00,33.9,1010.48,42.59,0,normal,Normal operating conditions
2026-08-28T13:13:42.468104+00:00,34.16,1010.67,42.03,0,normal,Normal operating conditions
2026-08-28T13:14:42.468104+00:00,34.05,1010.81,41.57,0,normal,Normal operating conditions
2026-08-28T13:15:42.468104+00:00,33.91,1010.78,41.67,0,normal,Normal operating conditions
2026-08-28T13:16:42.468104+00:00,33.92,1010.74,41.37,0,normal,Normal operating conditions
2026-08-28T13:17:42.468104+00:00,33.86,1010.68,42.12,0,normal,Normal operating conditions
2026-08-28T13:18:42.468104+00:00,33.93,1010.78,41.85,0,normal,Normal operating conditions
2026-08-28T13:19:42.468104+00:00,33.93,1010.73,40.83,0,normal,Normal operating conditions
2026-08-28T13:20:42.468104+00:00,33.8,1010.61,40.04,0,normal,Normal operating conditions
2026-08-28T13:21:42.468104+00:00,33.69,1010.74,40.08,0,normal,Normal operating conditions
2026-08-28T13:22:42.468104+00:00,33.89,1010.8,40.4,0,normal,Normal operating conditions
2026-08-28T13:23:42.468104+00:00,33.82,1010.86,40.68,0,normal,Normal operating conditions
2026-08-28T13:24:42.468104+00:00,33.79,1010.91,40.88,0,normal,Normal operating conditions
2026-08-28T13:25:42.468104+00:00,33.76,1010.83,40.44,0,normal,Normal operating conditions
2026-08-28T13:26:42.468104+00:00,33.82,1010.88,40.18,0,normal,Normal operating conditions
2026-08-28T13:27:42.468104+00:00,33.86,1010.94,40.43,0,normal,Normal operating conditions
2026-08-28T13:28:42.468104+00:00,34.09,1011.05,40.09,0,normal,Normal operating conditions
2026-08-28T13:29:42.468104+00:00,34.31,1011.01,40.49,0,normal,Normal operating conditions
2026-08-28T13:30:42.468104+00:00,34.32,1010.98,39.86,0,normal,Normal operating conditions
2026-08-28T13:31:42.468104+00:00,34.3,1010.87,40.25,0,normal,Normal operating conditions
2026-08-28T13:32:42.468104+00:00,34.49,1010.82,40.37,0,normal,Normal operating conditions
2026-08-28T13:33:42.468104+00:00,34.39,1010.8,40.65,0,normal,Normal operating conditions
2026-08-28T13:34:42.468104+00:00,34.39,1010.96,40.46,0,normal,Normal operating conditions
2026-08-28T13:35:42.468104+00:00,34.51,1010.99,40.73,0,normal,Normal operating conditions
2026-08-28T13:36:42.468104+00:00,34.44,1011.0,40.66,0,normal,Normal operating conditions
2026-08-28T13:37:42.468104+00:00,34.34,1011.06,40.87,0,normal,Normal operating conditions
2026-08-28T13:38:42.468104+00:00,34.41,1011.2,41.33,0,normal,Normal operating conditions
2026-08-28T13:39:42.468104+00:00,34.37,1011.23,41.03,0,normal,Normal operating conditions
2026-08-28T13:40:42.468104+00:00,34.37,1011.18,41.54,0,normal,Normal operating conditions
2026-08-28T13:41:42.468104+00:00,34.42,1011.17,41.86,0,normal,Normal operating conditions
2026-08-28T13:42:42.468104+00:00,34.16,1011.01,42.01,0,normal,Normal operating conditions
2026-08-28T13:43:42.468104+00:00,34.19,1011.05,41.41,0,normal,Normal operating conditions
2026-08-28T13:44:42.468104+00:00,34.2,1011.23,41.6,0,normal,Normal operating conditions
2026-08-28T13:45:42.468104+00:00,34.24,1011.2,41.35,0,normal,Normal operating conditions
2026-08-28T13:46:42.468104+00:00,34.0,1011.23,41.56,0,normal,Normal operating conditions
2026-08-28T13:47:42.468104+00:00,33.85,1011.18,41.04,0,normal,Normal operating conditions
2026-08-28T13:48:42.468104+00:00,33.78,1011.2,40.24,0,normal,Normal operating conditions
2026-08-28T13:49:42.468104+00:00,33.91,1011.27,40.15,0,normal,Normal operating conditions
2026-08-28T13:50:42.468104+00:00,33.65,1011.2,40.58,0,normal,Normal operating conditions
2026-08-28T13:51:42.468104+00:00,33.39,1011.18,40.13,0,normal,Normal operating conditions
2026-08-28T13:52:42.468104+00:00,33.57,1011.15,40.27,0,normal,Normal operating conditions
2026-08-28T13:53:42.468104+00:00,33.71,1011.31,40.19,0,normal,Normal operating conditions
2026-08-28T13:54:42.468104+00:00,33.81,1011.2,40.6,0,normal,Normal operating conditions
2026-08-28T13:55:42.468104+00:00,33.78,1011.18,40.55,0,normal,Normal operating conditions
2026-08-28T13:56:42.468104+00:00,33.64,1011.22,40.85,0,normal,Normal operating conditions
2026-08-28T13:57:42.468104+00:00,33.75,1011.11,40.75,0,normal,Normal operating conditions
2026-08-28T13:58:42.468104+00:00,33.89,1010.99,40.31,0,normal,Normal operating conditions
2026-08-28T13:59:42.468104+00:00,34.05,1011.05,40.44,0,normal,Normal operating conditions
2026-08-28T14:00:42.468104+00:00,34.3,1011.13,40.64,0,normal,Normal operating conditions
2026-08-28T14:01:42.468104+00:00,34.65,1011.14,40.31,0,normal,Normal operating conditions
2026-08-28T14:02:42.468104+00:00,34.68,1011.21,40.1,0,normal,Normal operating conditions
2026-08-28T14:03:42.468104+00:00,34.55,1011.42,40.21,0,normal,Normal operating conditions
2026-08-28T14:04:42.468104+00:00,34.45,1011.51,40.16,0,normal,Normal operating conditions
2026-08-28T14:05:42.468104+00:00,34.43,1011.56,39.69,0,normal,Normal operating conditions
2026-08-28T14:06:42.468104+00:00,34.47,1011.71,39.88,0,normal,Normal operating conditions
2026-08-28T14:07:42.468104+00:00,34.43,1011.67,39.74,0,normal,Normal operating conditions
2026-08-28T14:08:42.468104+00:00,34.41,1011.63,40.08,0,normal,Normal operating conditions
2026-08-28T14:09:42.468104+00:00,34.21,1011.7,39.94,0,normal,Normal operating conditions
2026-08-28T14:10:42.468104+00:00,34.28,1011.61,40.41,0,normal,Normal operating conditions
2026-08-28T14:11:42.468104+00:00,34.44,1011.69,39.85,0,normal,Normal operating conditions
2026-08-28T14:12:42.468104+00:00,34.55,1011.73,39.3,0,normal,Normal operating conditions
2026-08-28T14:13:42.468104+00:00,34.54,1011.76,39.54,0,normal,Normal operating conditions
2026-08-28T14:14:42.468104+00:00,34.56,1011.78,40.09,0,normal,Normal operating conditions
2026-08-28T14:15:42.468104+00:00,34.7,1011.55,39.97,0,normal,Normal operating conditions
2026-08-28T14:16:42.468104+00:00,34.67,1011.42,40.0,0,normal,Normal operating conditions
2026-08-28T14:17:42.468104+00:00,34.81,1011.37,40.12,0,normal,Normal operating conditions
2026-08-28T14:18:42.468104+00:00,34.67,1011.35,40.62,0,normal,Normal operating conditions
2026-08-28T14:19:42.468104+00:00,34.59,1011.42,39.92,0,normal,Normal operating conditions
2026-08-28T14:20:42.468104+00:00,34.81,1011.5,39.86,0,normal,Normal operating conditions
2026-08-28T14:21:42.468104+00:00,34.86,1011.42,40.28,0,normal,Normal operating conditions
2026-08-28T14:22:42.468104+00:00,34.79,1011.44,40.08,0,normal,Normal operating conditions
2026-08-28T14:23:42.468104+00:00,34.7,1011.53,40.16,0,normal,Normal operating conditions
2026-08-28T14:24:42.468104+00:00,34.76,1011.56,40.33,0,normal,Normal operating conditions
2026-08-28T14:25:42.468104+00:00,34.69,1011.77,39.75,0,normal,Normal operating conditions
2026-08-28T14:26:42.468104+00:00,34.83,1011.89,39.47,0,normal,Normal operating conditions
2026-08-28T14:27:42.468104+00:00,35.07,1011.97,39.85,0,normal,Normal operating conditions
2026-08-28T14:28:42.468104+00:00,35.03,1011.96,39.79,0,normal,Normal operating conditions
2026-08-28T14:29:42.468104+00:00,35.03,1012.07,39.87,0,normal,Normal operating conditions
2026-08-28T14:30:42.468104+00:00,34.88,1012.13,40.2,0,normal,Normal operating conditions
2026-08-28T14:31:42.468104+00:00,34.93,1012.18,40.09,0,normal,Normal operating conditions
2026-08-28T14:32:42.468104+00:00,34.78,1012.1,39.51,0,normal,Normal operating conditions
2026-08-28T14:33:42.468104+00:00,34.79,1012.09,39.4,0,normal,Normal operating conditions
2026-08-28T14:34:42.468104+00:00,34.41,1011.99,39.84,0,normal,Normal operating conditions
2026-08-28T14:35:42.468104+00:00,34.34,1012.03,39.37,0,normal,Normal operating conditions
2026-08-28T14:36:42.468104+00:00,34.52,1012.03,39.53,0,normal,Normal operating conditions
2026-08-28T14:37:42.468104+00:00,34.8,1012.16,39.46,0,normal,Normal operating conditions
2026-08-28T14:38:42.468104+00:00,34.7,1012.13,39.69,0,normal,Normal operating conditions
2026-08-28T14:39:42.468104+00:00,34.67,1012.1,40.23,0,normal,Normal operating conditions
2026-08-28T14:40:42.468104+00:00,34.64,1012.29,40.25,0,normal,Normal operating conditions
2026-08-28T14:41:42.468104+00:00,34.84,1012.31,40.58,0,normal,Normal operating conditions
2026-08-28T14:42:42.468104+00:00,34.72,1012.24,40.7,0,normal,Normal operating conditions
2026-08-28T14:43:42.468104+00:00,34.82,1012.24,40.2,0,normal,Normal operating conditions
2026-08-28T14:44:42.468104+00:00,34.63,1012.13,39.58,0,normal,Normal operating conditions
2026-08-28T14:45:42.468104+00:00,34.63,1012.23,39.62,0,normal,Normal operating conditions
2026-08-28T14:46:42.468104+00:00,34.34,1012.22,39.6,0,normal,Normal operating conditions
2026-08-28T14:47:42.468104+00:00,34.6,1012.11,39.51,0,normal,Normal operating conditions
2026-08-28T14:48:42.468104+00:00,34.8,1012.17,39.76,0,normal,Normal operating conditions
2026-08-28T14:49:42.468104+00:00,34.78,1012.21,40.07,0,normal,Normal operating conditions
2026-08-28T14:50:42.468104+00:00,34.66,1012.29,39.6,0,normal,Normal operating conditions
2026-08-28T14:51:42.468104+00:00,34.68,1012.31,39.44,0,normal,Normal operating conditions
2026-08-28T14:52:42.468104+00:00,34.66,1012.27,39.13,0,normal,Normal operating conditions
2026-08-28T14:53:42.468104+00:00,34.59,1012.2,39.33,0,normal,Normal operating conditions
2026-08-28T14:54:42.468104+00:00,34.44,1012.27,38.99,0,normal,Normal operating conditions
2026-08-28T14:55:42.468104+00:00,34.37,1012.24,39.56,0,normal,Normal operating conditions
2026-08-28T14:56:42.468104+00:00,34.41,1012.24,39.79,0,normal,Normal operating conditions
2026-08-28T14:57:42.468104+00:00,34.16,1012.26,40.54,0,normal,Normal operating conditions
2026-08-28T14:58:42.468104+00:00,34.19,1012.29,40.71,0,normal,Normal operating conditions
2026-08-28T14:59:42.468104+00:00,34.32,1012.15,40.1,0,normal,Normal operating conditions
2026-08-28T15:00:42.468104+00:00,34.35,1012.12,40.58,0,normal,Normal operating conditions
2026-08-28T15:01:42.468104+00:00,34.31,1012.0,40.12,0,normal,Normal operating conditions
2026-08-28T15:02:42.468104+00:00,33.99,1012.03,40.08,0,normal,Normal operating conditions
2026-08-28T15:03:42.468104+00:00,33.97,1012.17,40.53,0,normal,Normal operating conditions
2026-08-28T15:04:42.468104+00:00,33.98,1012.03,40.74,0,normal,Normal operating conditions
2026-08-28T15:05:42.468104+00:00,34.07,1012.11,41.07,0,normal,Normal operating conditions
2026-08-28T15:06:42.468104+00:00,33.96,1012.31,40.69,0,normal,Normal operating conditions
2026-08-28T15:07:42.468104+00:00,34.08,1012.21,40.35,0,normal,Normal operating conditions
2026-08-28T15:08:42.468104+00:00,34.28,1012.23,40.66,0,normal,Normal operating conditions
2026-08-28T15:09:42.468104+00:00,34.31,1012.26,41.13,0,normal,Normal operating conditions
2026-08-28T15:10:42.468104+00:00,34.28,1012.16,40.81,0,normal,Normal operating conditions
2026-08-28T15:11:42.468104+00:00,34.35,1012.24,40.25,0,normal,Normal operating conditions
2026-08-28T15:12:42.468104+00:00,34.26,1012.23,40.15,0,normal,Normal operating conditions
2026-08-28T15:13:42.468104+00:00,34.1,1012.23,39.94,0,normal,Normal operating conditions
2026-08-28T15:14:42.468104+00:00,34.21,1012.34,39.95,0,normal,Normal operating conditions
2026-08-28T15:15:42.468104+00:00,34.16,1012.39,39.73,0,normal,Normal operating conditions
2026-08-28T15:16:42.468104+00:00,34.03,1012.36,39.59,0,normal,Normal operating conditions
2026-08-28T15:17:42.468104+00:00,33.91,1012.41,39.94,0,normal,Normal operating conditions
2026-08-28T15:18:42.468104+00:00,33.75,1012.45,39.93,0,normal,Normal operating conditions
2026-08-28T15:19:42.468104+00:00,33.83,1012.49,39.5,0,normal,Normal operating conditions
2026-08-28T15:20:42.468104+00:00,33.71,1012.53,39.97,0,normal,Normal operating conditions
2026-08-28T15:21:42.468104+00:00,33.49,1012.59,40.46,0,normal,Normal operating conditions
2026-08-28T15:22:42.468104+00:00,33.53,1012.66,40.25,0,normal,Normal operating conditions
2026-08-28T15:23:42.468104+00:00,33.57,1012.56,39.49,0,normal,Normal operating conditions
2026-08-28T15:24:42.468104+00:00,33.73,1012.52,39.45,0,normal,Normal operating conditions
2026-08-28T15:25:42.468104+00:00,33.6,1012.45,39.52,0,normal,Normal operating conditions
2026-08-28T15:26:42.468104+00:00,33.56,1012.52,39.8,0,normal,Normal operating conditions
2026-08-28T15:27:42.468104+00:00,33.65,1012.59,40.46,0,normal,Normal operating conditions
2026-08-28T15:28:42.468104+00:00,33.56,1012.62,40.91,0,normal,Normal operating conditions
2026-08-28T15:29:42.468104+00:00,33.76,1012.55,40.82,0,normal,Normal operating conditions
2026-08-28T15:30:42.468104+00:00,33.95,1012.64,40.92,0,normal,Normal operating conditions
2026-08-28T15:31:42.468104+00:00,33.94,1012.65,41.04,0,normal,Normal operating conditions
2026-08-28T15:32:42.468104+00:00,33.92,1012.68,41.09,0,normal,Normal operating conditions
2026-08-28T15:33:42.468104+00:00,33.86,1012.77,42.13,0,normal,Normal operating conditions
2026-08-28T15:34:42.468104+00:00,33.66,1012.83,41.8,0,normal,Normal operating conditions
2026-08-28T15:35:42.468104+00:00,33.77,1012.86,42.03,0,normal,Normal operating conditions
2026-08-28T15:36:42.468104+00:00,33.93,1012.91,42.38,0,normal,Normal operating conditions
2026-08-28T15:37:42.468104+00:00,33.66,1013.06,42.43,0,normal,Normal operating conditions
2026-08-28T15:38:42.468104+00:00,33.82,1012.98,42.07,0,normal,Normal operating conditions
2026-08-28T15:39:42.468104+00:00,33.86,1013.0,42.12,0,normal,Normal operating conditions
2026-08-28T15:40:42.468104+00:00,34.0,1012.89,42.42,0,normal,Normal operating conditions
2026-08-28T15:41:42.468104+00:00,34.01,1012.91,41.84,0,normal,Normal operating conditions
2026-08-28T15:42:42.468104+00:00,34.07,1012.75,42.05,0,normal,Normal operating conditions
2026-08-28T15:43:42.468104+00:00,33.88,1012.8,41.98,0,normal,Normal operating conditions
2026-08-28T15:44:42.468104+00:00,34.03,1012.84,41.71,0,normal,Normal operating conditions
2026-08-28T15:45:42.468104+00:00,33.96,1012.98,41.9,0,normal,Normal operating conditions
2026-08-28T15:46:42.468104+00:00,33.92,1013.0,41.35,0,normal,Normal operating conditions
2026-08-28T15:47:42.468104+00:00,33.97,1012.89,41.65,0,normal,Normal operating conditions
2026-08-28T15:48:42.468104+00:00,33.98,1013.13,41.28,0,normal,Normal operating conditions
2026-08-28T15:49:42.468104+00:00,33.96,1013.3,41.75,0,normal,Normal operating conditions
2026-08-28T15:50:42.468104+00:00,33.88,1013.33,41.77,0,normal,Normal operating conditions
2026-08-28T15:51:42.468104+00:00,33.91,1013.29,41.76,0,normal,Normal operating conditions
2026-08-28T15:52:42.468104+00:00,33.72,1013.32,41.94,0,normal,Normal operating conditions
2026-08-28T15:53:42.468104+00:00,33.7,1013.21,42.3,0,normal,Normal operating conditions
2026-08-28T15:54:42.468104+00:00,33.76,1013.18,42.18,0,normal,Normal operating conditions
2026-08-28T15:55:42.468104+00:00,33.59,1013.13,42.0,0,normal,Normal operating conditions
2026-08-28T15:56:42.468104+00:00,33.75,1013.12,42.24,0,normal,Normal operating conditions
2026-08-28T15:57:42.468104+00:00,33.69,1013.18,42.19,0,normal,Normal operating conditions
2026-08-28T15:58:42.468104+00:00,33.81,1013.17,41.65,0,normal,Normal operating conditions
2026-08-28T15:59:42.468104+00:00,33.64,1013.17,41.27,0,normal,Normal operating conditions
2026-08-28T16:00:42.468104+00:00,33.7,1013.17,42.19,0,normal,Normal operating conditions
2026-08-28T16:01:42.468104+00:00,33.5,1013.23,41.82,0,normal,Normal operating conditions
2026-08-28T16:02:42.468104+00:00,33.46,1013.28,41.06,0,normal,Normal operating conditions
2026-08-28T16:03:42.468104+00:00,33.51,1013.46,41.02,0,normal,Normal operating conditions
2026-08-28T16:04:42.468104+00:00,33.56,1013.57,41.09,0,normal,Normal operating conditions
2026-08-28T16:05:42.468104+00:00,33.5,1013.4,41.44,0,normal,Normal operating conditions
2026-08-28T16:06:42.468104+00:00,33.5,1013.35,41.59,0,normal,Normal operating conditions
2026-08-28T16:07:42.468104+00:00,33.44,1013.34,41.89,0,normal,Normal operating conditions
2026-08-28T16:08:42.468104+00:00,33.3,1013.46,41.48,0,normal,Normal operating conditions
2026-08-28T16:09:42.468104+00:00,33.25,1013.65,41.98,0,normal,Normal operating conditions
2026-08-28T16:10:42.468104+00:00,33.29,1013.59,41.87,0,normal,Normal operating conditions
2026-08-28T16:11:42.468104+00:00,33.32,1048.61,41.92,1,pressure_spike,Barometric pressure surge (+35.0 hPa)
2026-08-28T16:12:42.468104+00:00,33.34,1048.62,41.51,1,pressure_spike,Barometric pressure surge (+35.0 hPa)
2026-08-28T16:13:42.468104+00:00,33.3,1048.71,41.15,1,pressure_spike,Barometric pressure surge (+35.0 hPa)
2026-08-28T16:14:42.468104+00:00,33.3,1048.66,41.35,1,pressure_spike,Barometric pressure surge (+35.0 hPa)
2026-08-28T16:15:42.468104+00:00,33.27,1048.8,41.67,1,pressure_spike,Barometric pressure surge (+35.0 hPa)
2026-08-28T16:16:42.468104+00:00,33.14,1048.86,41.52,1,pressure_spike,Barometric pressure surge (+35.0 hPa)
2026-08-28T16:17:42.468104+00:00,33.1,1048.9,41.49,1,pressure_spike,Barometric pressure surge (+35.0 hPa)
2026-08-28T16:18:42.468104+00:00,33.24,1048.84,41.42,1,pressure_spike,Barometric pressure surge (+35.0 hPa)
2026-08-28T16:19:42.468104+00:00,33.18,1013.81,41.96,0,normal,Normal operating conditions
2026-08-28T16:20:42.468104+00:00,33.28,1013.96,42.88,0,normal,Normal operating conditions
2026-08-28T16:21:42.468104+00:00,33.17,1013.97,42.51,0,normal,Normal operating conditions
2026-08-28T16:22:42.468104+00:00,33.09,1013.92,42.23,0,normal,Normal operating conditions
2026-08-28T16:23:42.468104+00:00,32.99,1013.92,41.91,0,normal,Normal operating conditions
2026-08-28T16:24:42.468104+00:00,33.13,1013.86,43.04,0,normal,Normal operating conditions
2026-08-28T16:25:42.468104+00:00,33.09,1013.88,42.64,0,normal,Normal operating conditions
2026-08-28T16:26:42.468104+00:00,33.32,1013.99,42.83,0,normal,Normal operating conditions
2026-08-28T16:27:42.468104+00:00,33.16,1014.02,42.52,0,normal,Normal operating conditions
2026-08-28T16:28:42.468104+00:00,33.35,1014.09,42.66,0,normal,Normal operating conditions
2026-08-28T16:29:42.468104+00:00,33.05,1014.02,43.01,0,normal,Normal operating conditions
2026-08-28T16:30:42.468104+00:00,33.22,1014.12,42.53,0,normal,Normal operating conditions
2026-08-28T16:31:42.468104+00:00,33.26,1014.2,42.07,0,normal,Normal operating conditions
2026-08-28T16:32:42.468104+00:00,33.26,1014.22,42.13,0,normal,Normal operating conditions
2026-08-28T16:33:42.468104+00:00,33.04,1014.19,42.18,0,normal,Normal operating conditions
2026-08-28T16:34:42.468104+00:00,33.03,1014.15,42.2,0,normal,Normal operating conditions
2026-08-28T16:35:42.468104+00:00,33.04,1014.19,42.26,0,normal,Normal operating conditions
2026-08-28T16:36:42.468104+00:00,33.0,1014.2,41.76,0,normal,Normal operating conditions
2026-08-28T16:37:42.468104+00:00,33.07,1014.21,41.98,0,normal,Normal operating conditions
2026-08-28T16:38:42.468104+00:00,33.2,1014.06,41.5,0,normal,Normal operating conditions
2026-08-28T16:39:42.468104+00:00,33.22,1014.08,41.8,0,normal,Normal operating conditions
2026-08-28T16:40:42.468104+00:00,33.16,1014.15,42.35,0,normal,Normal operating conditions
2026-08-28T16:41:42.468104+00:00,33.21,1014.14,41.8,0,normal,Normal operating conditions
2026-08-28T16:42:42.468104+00:00,33.29,1014.25,42.27,0,normal,Normal operating conditions
2026-08-28T16:43:42.468104+00:00,33.17,1014.31,42.77,0,normal,Normal operating conditions
2026-08-28T16:44:42.468104+00:00,33.34,1014.25,42.86,0,normal,Normal operating conditions
2026-08-28T16:45:42.468104+00:00,33.41,1014.26,42.64,0,normal,Normal operating conditions
2026-08-28T16:46:42.468104+00:00,33.42,1014.32,42.86,0,normal,Normal operating conditions
2026-08-28T16:47:42.468104+00:00,33.41,1014.3,43.55,0,normal,Normal operating conditions
2026-08-28T16:48:42.468104+00:00,33.27,1014.26,43.69,0,normal,Normal operating conditions
2026-08-28T16:49:42.468104+00:00,33.35,1014.16,43.35,0,normal,Normal operating conditions
2026-08-28T16:50:42.468104+00:00,33.07,1014.18,43.11,0,normal,Normal operating conditions
2026-08-28T16:51:42.468104+00:00,33.01,1014.26,43.07,0,normal,Normal operating conditions
2026-08-28T16:52:42.468104+00:00,33.03,1014.25,43.49,0,normal,Normal operating conditions
2026-08-28T16:53:42.468104+00:00,33.07,1014.21,43.59,0,normal,Normal operating conditions
2026-08-28T16:54:42.468104+00:00,33.18,1014.26,43.26,0,normal,Normal operating conditions
2026-08-28T16:55:42.468104+00:00,33.22,1014.2,43.94,0,normal,Normal operating conditions
2026-08-28T16:56:42.468104+00:00,33.31,1014.24,44.14,0,normal,Normal operating conditions
2026-08-28T16:57:42.468104+00:00,33.24,1014.32,44.14,0,normal,Normal operating conditions
2026-08-28T16:58:42.468104+00:00,33.23,1014.41,44.08,0,normal,Normal operating conditions
2026-08-28T16:59:42.468104+00:00,33.12,1014.32,43.85,0,normal,Normal operating conditions
2026-08-28T17:00:42.468104+00:00,32.87,1014.4,44.66,0,normal,Normal operating conditions
2026-08-28T17:01:42.468104+00:00,33.02,1014.28,45.02,0,normal,Normal operating conditions
2026-08-28T17:02:42.468104+00:00,33.17,1014.27,45.14,0,normal,Normal operating conditions
2026-08-28T17:03:42.468104+00:00,32.88,1014.32,44.86,0,normal,Normal operating conditions
2026-08-28T17:04:42.468104+00:00,32.89,1014.21,45.16,0,normal,Normal operating conditions
2026-08-28T17:05:42.468104+00:00,32.99,1014.18,44.85,0,normal,Normal operating conditions
2026-08-28T17:06:42.468104+00:00,32.69,1014.2,44.78,0,normal,Normal operating conditions
2026-08-28T17:07:42.468104+00:00,32.5,1014.27,44.75,0,normal,Normal operating conditions
2026-08-28T17:08:42.468104+00:00,32.37,1014.25,45.27,0,normal,Normal operating conditions
2026-08-28T17:09:42.468104+00:00,32.45,1014.27,45.6,0,normal,Normal operating conditions
2026-08-28T17:10:42.468104+00:00,32.32,1014.31,45.74,0,normal,Normal operating conditions
2026-08-28T17:11:42.468104+00:00,32.27,1014.37,45.55,0,normal,Normal operating conditions
2026-08-28T17:12:42.468104+00:00,32.35,1014.44,44.63,0,normal,Normal operating conditions
2026-08-28T17:13:42.468104+00:00,32.5,1014.22,44.6,0,normal,Normal operating conditions
2026-08-28T17:14:42.468104+00:00,32.61,1014.23,44.28,0,normal,Normal operating conditions
2026-08-28T17:15:42.468104+00:00,32.46,1014.35,43.83,0,normal,Normal operating conditions
2026-08-28T17:16:42.468104+00:00,32.59,1014.38,43.68,0,normal,Normal operating conditions
2026-08-28T17:17:42.468104+00:00,32.5,1014.32,44.27,0,normal,Normal operating conditions
2026-08-28T17:18:42.468104+00:00,32.57,1014.22,44.37,0,normal,Normal operating conditions
2026-08-28T17:19:42.468104+00:00,32.44,1014.37,44.14,0,normal,Normal operating conditions
2026-08-28T17:20:42.468104+00:00,32.62,1014.39,44.0,0,normal,Normal operating conditions
2026-08-28T17:21:42.468104+00:00,32.51,1014.36,43.84,0,normal,Normal operating conditions
2026-08-28T17:22:42.468104+00:00,32.5,1014.29,43.38,0,normal,Normal operating conditions
2026-08-28T17:23:42.468104+00:00,32.43,1014.19,43.46,0,normal,Normal operating conditions
2026-08-28T17:24:42.468104+00:00,32.3,1014.17,44.51,0,normal,Normal operating conditions
2026-08-28T17:25:42.468104+00:00,32.29,1014.24,44.15,0,normal,Normal operating conditions
2026-08-28T17:26:42.468104+00:00,32.2,1014.3,44.1,0,normal,Normal operating conditions
2026-08-28T17:27:42.468104+00:00,32.3,1014.25,44.31,0,normal,Normal operating conditions
2026-08-28T17:28:42.468104+00:00,32.21,1014.3,44.39,0,normal,Normal operating conditions
2026-08-28T17:29:42.468104+00:00,32.16,1014.33,44.44,0,normal,Normal operating conditions
2026-08-28T17:30:42.468104+00:00,32.21,1014.39,44.71,0,normal,Normal operating conditions
2026-08-28T17:31:42.468104+00:00,32.14,1014.49,44.92,0,normal,Normal operating conditions
2026-08-28T17:32:42.468104+00:00,32.09,1014.53,45.79,0,normal,Normal operating conditions
2026-08-28T17:33:42.468104+00:00,31.92,1014.61,45.35,0,normal,Normal operating conditions
2026-08-28T17:34:42.468104+00:00,31.95,1014.76,45.78,0,normal,Normal operating conditions
2026-08-28T17:35:42.468104+00:00,31.96,1014.72,46.02,0,normal,Normal operating conditions
2026-08-28T17:36:42.468104+00:00,31.93,1014.67,46.14,0,normal,Normal operating conditions
2026-08-28T17:37:42.468104+00:00,31.94,1014.63,46.07,0,normal,Normal operating conditions
2026-08-28T17:38:42.468104+00:00,31.77,1014.68,46.49,0,normal,Normal operating conditions
2026-08-28T17:39:42.468104+00:00,31.8,1014.78,46.72,0,normal,Normal operating conditions
2026-08-28T17:40:42.468104+00:00,31.84,1014.81,46.88,0,normal,Normal operating conditions
2026-08-28T17:41:42.468104+00:00,31.77,1015.0,46.91,0,normal,Normal operating conditions
2026-08-28T17:42:42.468104+00:00,31.69,1015.02,47.18,0,normal,Normal operating conditions
2026-08-28T17:43:42.468104+00:00,31.52,1015.1,47.32,0,normal,Normal operating conditions
2026-08-28T17:44:42.468104+00:00,31.4,1015.19,47.71,0,normal,Normal operating conditions
2026-08-28T17:45:42.468104+00:00,31.27,1015.31,48.09,0,normal,Normal operating conditions
2026-08-28T17:46:42.468104+00:00,31.29,1015.4,48.26,0,normal,Normal operating conditions
2026-08-28T17:47:42.468104+00:00,31.32,1015.31,48.58,0,normal,Normal operating conditions
2026-08-28T17:48:42.468104+00:00,31.39,1015.29,48.4,0,normal,Normal operating conditions
2026-08-28T17:49:42.468104+00:00,31.42,1015.25,48.05,0,normal,Normal operating conditions
2026-08-28T17:50:42.468104+00:00,31.25,1015.27,47.29,0,normal,Normal operating conditions
2026-08-28T17:51:42.468104+00:00,31.29,1015.21,47.97,0,normal,Normal operating conditions
2026-08-28T17:52:42.468104+00:00,31.25,1015.24,48.0,0,normal,Normal operating conditions
2026-08-28T17:53:42.468104+00:00,31.28,1015.28,48.02,0,normal,Normal operating conditions
2026-08-28T17:54:42.468104+00:00,31.41,1015.18,48.3,0,normal,Normal operating conditions
2026-08-28T17:55:42.468104+00:00,31.52,1015.21,49.14,0,normal,Normal operating conditions
2026-08-28T17:56:42.468104+00:00,31.41,1015.08,48.9,0,normal,Normal operating conditions
2026-08-28T17:57:42.468104+00:00,31.48,1015.11,49.07,0,normal,Normal operating conditions
2026-08-28T17:58:42.468104+00:00,31.34,1015.17,48.77,0,normal,Normal operating conditions
2026-08-28T17:59:42.468104+00:00,31.47,1015.38,49.05,0,normal,Normal operating conditions
2026-08-28T18:00:42.468104+00:00,31.52,1015.31,48.56,0,normal,Normal operating conditions
2026-08-28T18:01:42.468104+00:00,31.43,1015.2,48.25,0,normal,Normal operating conditions
2026-08-28T18:02:42.468104+00:00,31.61,1015.2,48.6,0,normal,Normal operating conditions
2026-08-28T18:03:42.468104+00:00,31.54,1015.17,49.14,0,normal,Normal operating conditions
2026-08-28T18:04:42.468104+00:00,31.5,1015.2,49.24,0,normal,Normal operating conditions
2026-08-28T18:05:42.468104+00:00,31.43,1015.07,48.71,0,normal,Normal operating conditions
2026-08-28T18:06:42.468104+00:00,31.37,1015.07,48.47,0,normal,Normal operating conditions
2026-08-28T18:07:42.468104+00:00,31.34,1015.07,47.96,0,normal,Normal operating conditions
2026-08-28T18:08:42.468104+00:00,31.21,1015.1,48.38,0,normal,Normal operating conditions
2026-08-28T18:09:42.468104+00:00,31.05,1015.1,49.0,0,normal,Normal operating conditions
2026-08-28T18:10:42.468104+00:00,31.14,1015.09,49.06,0,normal,Normal operating conditions
2026-08-28T18:11:42.468104+00:00,31.05,1015.12,49.35,0,normal,Normal operating conditions
2026-08-28T18:12:42.468104+00:00,31.11,1015.12,49.84,0,normal,Normal operating conditions
2026-08-28T18:13:42.468104+00:00,31.11,1015.17,50.32,0,normal,Normal operating conditions
2026-08-28T18:14:42.468104+00:00,30.99,1015.01,51.01,0,normal,Normal operating conditions
2026-08-28T18:15:42.468104+00:00,31.01,1014.88,50.85,0,normal,Normal operating conditions
2026-08-28T18:16:42.468104+00:00,31.09,1014.86,50.79,0,normal,Normal operating conditions
2026-08-28T18:17:42.468104+00:00,31.23,1014.79,50.64,0,normal,Normal operating conditions
2026-08-28T18:18:42.468104+00:00,31.22,1014.84,50.96,0,normal,Normal operating conditions
2026-08-28T18:19:42.468104+00:00,31.29,1014.87,51.27,0,normal,Normal operating conditions
2026-08-28T18:20:42.468104+00:00,31.21,1014.89,51.42,0,normal,Normal operating conditions
2026-08-28T18:21:42.468104+00:00,31.19,1014.96,51.72,0,normal,Normal operating conditions
2026-08-28T18:22:42.468104+00:00,31.15,1014.9,51.84,0,normal,Normal operating conditions
2026-08-28T18:23:42.468104+00:00,31.1,1014.92,52.7,0,normal,Normal operating conditions
2026-08-28T18:24:42.468104+00:00,31.0,1014.96,53.1,0,normal,Normal operating conditions
2026-08-28T18:25:42.468104+00:00,30.98,1015.15,52.98,0,normal,Normal operating conditions
2026-08-28T18:26:42.468104+00:00,30.98,1015.07,52.88,0,normal,Normal operating conditions
2026-08-28T18:27:42.468104+00:00,30.97,1015.14,53.03,0,normal,Normal operating conditions
2026-08-28T18:28:42.468104+00:00,31.08,1015.12,52.95,0,normal,Normal operating conditions
2026-08-28T18:29:42.468104+00:00,31.35,1015.14,52.74,0,normal,Normal operating conditions
2026-08-28T18:30:42.468104+00:00,31.19,1015.05,53.14,0,normal,Normal operating conditions
2026-08-28T18:31:42.468104+00:00,31.08,1015.06,53.17,0,normal,Normal operating conditions
2026-08-28T18:32:42.468104+00:00,31.11,1014.98,52.85,0,normal,Normal operating conditions
2026-08-28T18:33:42.468104+00:00,31.08,1015.03,53.05,0,normal,Normal operating conditions
2026-08-28T18:34:42.468104+00:00,30.92,1015.08,52.87,0,normal,Normal operating conditions
2026-08-28T18:35:42.468104+00:00,30.8,1015.0,53.43,0,normal,Normal operating conditions
2026-08-28T18:36:42.468104+00:00,30.83,1015.04,53.93,0,normal,Normal operating conditions
2026-08-28T18:37:42.468104+00:00,31.12,1014.9,53.7,0,normal,Normal operating conditions
2026-08-28T18:38:42.468104+00:00,30.97,1014.84,53.39,0,normal,Normal operating conditions
2026-08-28T18:39:42.468104+00:00,30.87,1014.75,53.6,0,normal,Normal operating conditions
2026-08-28T18:40:42.468104+00:00,30.81,1014.81,53.86,0,normal,Normal operating conditions
2026-08-28T18:41:42.468104+00:00,30.82,1014.79,54.67,0,normal,Normal operating conditions
2026-08-28T18:42:42.468104+00:00,30.79,1014.65,54.33,0,normal,Normal operating conditions
2026-08-28T18:43:42.468104+00:00,30.52,1014.68,54.34,0,normal,Normal operating conditions
2026-08-28T18:44:42.468104+00:00,30.42,1014.86,54.59,0,normal,Normal operating conditions
2026-08-28T18:45:42.468104+00:00,30.47,1014.79,54.28,0,normal,Normal operating conditions
2026-08-28T18:46:42.468104+00:00,30.43,1014.82,53.71,0,normal,Normal operating conditions
2026-08-28T18:47:42.468104+00:00,30.37,1014.83,53.76,0,normal,Normal operating conditions
2026-08-28T18:48:42.468104+00:00,30.23,1014.79,53.83,0,normal,Normal operating conditions
2026-08-28T18:49:42.468104+00:00,30.21,1014.85,54.35,0,normal,Normal operating conditions
2026-08-28T18:50:42.468104+00:00,30.14,1014.82,54.61,0,normal,Normal operating conditions
2026-08-28T18:51:42.468104+00:00,30.19,1014.79,54.97,0,normal,Normal operating conditions
2026-08-28T18:52:42.468104+00:00,30.27,1014.9,55.67,0,normal,Normal operating conditions
2026-08-28T18:53:42.468104+00:00,30.12,1014.9,55.69,0,normal,Normal operating conditions
2026-08-28T18:54:42.468104+00:00,30.07,1014.85,55.2,0,normal,Normal operating conditions
2026-08-28T18:55:42.468104+00:00,30.05,1014.79,55.31,0,normal,Normal operating conditions
2026-08-28T18:56:42.468104+00:00,29.92,1014.71,55.46,0,normal,Normal operating conditions
2026-08-28T18:57:42.468104+00:00,29.91,1014.77,56.3,0,normal,Normal operating conditions
2026-08-28T18:58:42.468104+00:00,29.92,1014.82,55.94,0,normal,Normal operating conditions
2026-08-28T18:59:42.468104+00:00,29.73,1014.95,55.66,0,normal,Normal operating conditions
2026-08-28T19:00:42.468104+00:00,29.59,1014.94,55.71,0,normal,Normal operating conditions
2026-08-28T19:01:42.468104+00:00,29.47,1014.91,56.23,0,normal,Normal operating conditions
2026-08-28T19:02:42.468104+00:00,29.37,1014.79,56.61,0,normal,Normal operating conditions
2026-08-28T19:03:42.468104+00:00,29.43,1014.74,56.08,0,normal,Normal operating conditions
2026-08-28T19:04:42.468104+00:00,29.34,1014.74,56.57,0,normal,Normal operating conditions
2026-08-28T19:05:42.468104+00:00,29.22,1014.74,56.86,0,normal,Normal operating conditions
2026-08-28T19:06:42.468104+00:00,28.94,1014.83,56.48,0,normal,Normal operating conditions
2026-08-28T19:07:42.468104+00:00,29.01,1014.85,56.93,0,normal,Normal operating conditions
2026-08-28T19:08:42.468104+00:00,29.09,1014.65,56.7,0,normal,Normal operating conditions
2026-08-28T19:09:42.468104+00:00,29.12,1014.65,56.94,0,normal,Normal operating conditions
2026-08-28T19:10:42.468104+00:00,29.22,1014.71,56.92,0,normal,Normal operating conditions
2026-08-28T19:11:42.468104+00:00,28.99,1014.68,57.14,0,normal,Normal operating conditions
2026-08-28T19:12:42.468104+00:00,28.87,1014.73,57.52,0,normal,Normal operating conditions
2026-08-28T19:13:42.468104+00:00,28.91,1014.49,57.11,0,normal,Normal operating conditions
2026-08-28T19:14:42.468104+00:00,29.14,1014.47,56.5,0,normal,Normal operating conditions
2026-08-28T19:15:42.468104+00:00,29.28,1014.49,57.02,0,normal,Normal operating conditions
2026-08-28T19:16:42.468104+00:00,29.29,1014.54,57.25,0,normal,Normal operating conditions
2026-08-28T19:17:42.468104+00:00,29.35,1014.74,57.69,0,normal,Normal operating conditions
2026-08-28T19:18:42.468104+00:00,29.13,1014.77,58.16,0,normal,Normal operating conditions
2026-08-28T19:19:42.468104+00:00,29.26,1014.73,58.6,0,normal,Normal operating conditions
2026-08-28T19:20:42.468104+00:00,29.34,1014.93,58.35,0,normal,Normal operating conditions
2026-08-28T19:21:42.468104+00:00,29.24,1014.89,58.22,0,normal,Normal operating conditions
2026-08-28T19:22:42.468104+00:00,29.1,1014.65,58.13,0,normal,Normal operating conditions
2026-08-28T19:23:42.468104+00:00,29.11,1014.61,58.88,0,normal,Normal operating conditions
2026-08-28T19:24:42.468104+00:00,29.09,1014.72,59.0,0,normal,Normal operating conditions
2026-08-28T19:25:42.468104+00:00,29.16,1014.73,59.5,0,normal,Normal operating conditions
2026-08-28T19:26:42.468104+00:00,29.13,1014.76,59.62,0,normal,Normal operating conditions
2026-08-28T19:27:42.468104+00:00,29.05,1014.78,60.39,0,normal,Normal operating conditions
2026-08-28T19:28:42.468104+00:00,28.99,1014.8,60.77,0,normal,Normal operating conditions
2026-08-28T19:29:42.468104+00:00,29.09,1014.79,59.85,0,normal,Normal operating conditions
2026-08-28T19:30:42.468104+00:00,29.11,1014.59,60.36,0,normal,Normal operating conditions
2026-08-28T19:31:42.468104+00:00,29.08,1014.67,60.01,0,normal,Normal operating conditions
2026-08-28T19:32:42.468104+00:00,28.85,1014.68,60.0,0,normal,Normal operating conditions
2026-08-28T19:33:42.468104+00:00,28.76,1014.68,60.98,0,normal,Normal operating conditions
2026-08-28T19:34:42.468104+00:00,28.83,1014.75,61.22,0,normal,Normal operating conditions
2026-08-28T19:35:42.468104+00:00,28.98,1014.71,60.43,0,normal,Normal operating conditions
2026-08-28T19:36:42.468104+00:00,28.9,1014.76,60.09,0,normal,Normal operating conditions
2026-08-28T19:37:42.468104+00:00,28.84,1014.69,60.65,0,normal,Normal operating conditions
2026-08-28T19:38:42.468104+00:00,28.88,1014.72,60.87,0,normal,Normal operating conditions
2026-08-28T19:39:42.468104+00:00,28.83,1014.72,60.45,0,normal,Normal operating conditions
2026-08-28T19:40:42.468104+00:00,28.52,1014.71,60.6,0,normal,Normal operating conditions
2026-08-28T19:41:42.468104+00:00,28.64,1014.81,61.18,0,normal,Normal operating conditions
2026-08-28T19:42:42.468104+00:00,28.48,1014.76,61.34,0,normal,Normal operating conditions
2026-08-28T19:43:42.468104+00:00,28.76,1014.85,61.72,0,normal,Normal operating conditions
2026-08-28T19:44:42.468104+00:00,28.66,1014.74,61.97,0,normal,Normal operating conditions
2026-08-28T19:45:42.468104+00:00,28.48,1014.69,61.88,0,normal,Normal operating conditions
2026-08-28T19:46:42.468104+00:00,28.64,1014.64,61.0,0,normal,Normal operating conditions
2026-08-28T19:47:42.468104+00:00,28.65,1014.56,100.0,1,humidity_spike,Instantaneous relative humidity surge (+45.0%)
2026-08-28T19:48:42.468104+00:00,28.58,1014.52,100.0,1,humidity_spike,Instantaneous relative humidity surge (+45.0%)
2026-08-28T19:49:42.468104+00:00,28.35,1014.47,100.0,1,humidity_spike,Instantaneous relative humidity surge (+45.0%)
2026-08-28T19:50:42.468104+00:00,28.24,1014.33,100.0,1,humidity_spike,Instantaneous relative humidity surge (+45.0%)
2026-08-28T19:51:42.468104+00:00,28.34,1014.32,100.0,1,humidity_spike,Instantaneous relative humidity surge (+45.0%)
2026-08-28T19:52:42.468104+00:00,28.39,1014.19,100.0,1,humidity_spike,Instantaneous relative humidity surge (+45.0%)
2026-08-28T19:53:42.468104+00:00,28.24,1014.1,100.0,1,humidity_spike,Instantaneous relative humidity surge (+45.0%)
2026-08-28T19:54:42.468104+00:00,28.18,1014.06,100.0,1,humidity_spike,Instantaneous relative humidity surge (+45.0%)
2026-08-28T19:55:42.468104+00:00,28.09,1014.16,100.0,1,humidity_spike,Instantaneous relative humidity surge (+45.0%)
2026-08-28T19:56:42.468104+00:00,27.98,1014.1,100.0,1,humidity_spike,Instantaneous relative humidity surge (+45.0%)
2026-08-28T19:57:42.468104+00:00,27.99,1014.08,60.58,0,normal,Normal operating conditions
2026-08-28T19:58:42.468104+00:00,27.9,1014.02,61.32,0,normal,Normal operating conditions
2026-08-28T19:59:42.468104+00:00,27.67,1013.92,61.84,0,normal,Normal operating conditions
2026-08-28T20:00:42.468104+00:00,27.82,1013.88,61.71,0,normal,Normal operating conditions
2026-08-28T20:01:42.468104+00:00,27.88,1013.71,61.18,0,normal,Normal operating conditions
2026-08-28T20:02:42.468104+00:00,27.81,1013.87,61.19,0,normal,Normal operating conditions
2026-08-28T20:03:42.468104+00:00,27.8,1013.99,62.1,0,normal,Normal operating conditions
2026-08-28T20:04:42.468104+00:00,27.7,1014.0,62.85,0,normal,Normal operating conditions
2026-08-28T20:05:42.468104+00:00,27.5,1014.09,62.56,0,normal,Normal operating conditions
2026-08-28T20:06:42.468104+00:00,27.5,1014.07,62.31,0,normal,Normal operating conditions
2026-08-28T20:07:42.468104+00:00,27.37,1014.09,62.78,0,normal,Normal operating conditions
2026-08-28T20:08:42.468104+00:00,27.35,1014.09,63.07,0,normal,Normal operating conditions
2026-08-28T20:09:42.468104+00:00,27.23,1014.15,63.44,0,normal,Normal operating conditions
2026-08-28T20:10:42.468104+00:00,27.54,1014.11,63.33,0,normal,Normal operating conditions
2026-08-28T20:11:42.468104+00:00,27.61,1014.17,63.22,0,normal,Normal operating conditions
2026-08-28T20:12:42.468104+00:00,27.53,1014.2,63.02,0,normal,Normal operating conditions
2026-08-28T20:13:42.468104+00:00,27.45,1014.19,63.49,0,normal,Normal operating conditions
2026-08-28T20:14:42.468104+00:00,27.35,1014.02,62.9,0,normal,Normal operating conditions
2026-08-28T20:15:42.468104+00:00,27.18,1013.91,62.99,0,normal,Normal operating conditions
2026-08-28T20:16:42.468104+00:00,27.03,1013.86,62.87,0,normal,Normal operating conditions
2026-08-28T20:17:42.468104+00:00,26.97,1013.97,63.26,0,normal,Normal operating conditions
2026-08-28T20:18:42.468104+00:00,26.98,1013.92,63.25,0,normal,Normal operating conditions
2026-08-28T20:19:42.468104+00:00,27.02,1013.97,63.08,0,normal,Normal operating conditions
2026-08-28T20:20:42.468104+00:00,27.01,1013.8,63.33,0,normal,Normal operating conditions
2026-08-28T20:21:42.468104+00:00,27.1,1013.78,64.13,0,normal,Normal operating conditions
2026-08-28T20:22:42.468104+00:00,26.97,1013.8,64.22,0,normal,Normal operating conditions
2026-08-28T20:23:42.468104+00:00,26.95,1013.79,64.37,0,normal,Normal operating conditions
2026-08-28T20:24:42.468104+00:00,27.04,1013.9,64.47,0,normal,Normal operating conditions
2026-08-28T20:25:42.468104+00:00,27.11,1013.84,64.84,0,normal,Normal operating conditions
2026-08-28T20:26:42.468104+00:00,26.99,1013.92,65.7,0,normal,Normal operating conditions
2026-08-28T20:27:42.468104+00:00,26.95,1013.73,65.53,0,normal,Normal operating conditions
2026-08-28T20:28:42.468104+00:00,27.08,1013.77,65.67,0,normal,Normal operating conditions
2026-08-28T20:29:42.468104+00:00,27.16,1013.81,66.14,0,normal,Normal operating conditions
2026-08-28T20:30:42.468104+00:00,27.23,1013.92,66.28,0,normal,Normal operating conditions
2026-08-28T20:31:42.468104+00:00,27.28,1013.88,66.08,0,normal,Normal operating conditions
2026-08-28T20:32:42.468104+00:00,27.43,1013.88,66.4,0,normal,Normal operating conditions
2026-08-28T20:33:42.468104+00:00,27.37,1013.81,66.42,0,normal,Normal operating conditions
2026-08-28T20:34:42.468104+00:00,27.47,1013.84,65.85,0,normal,Normal operating conditions
2026-08-28T20:35:42.468104+00:00,27.36,1013.96,65.86,0,normal,Normal operating conditions
2026-08-28T20:36:42.468104+00:00,27.07,1014.09,66.19,0,normal,Normal operating conditions
2026-08-28T20:37:42.468104+00:00,27.01,1014.02,66.64,0,normal,Normal operating conditions
2026-08-28T20:38:42.468104+00:00,26.89,1014.07,66.87,0,normal,Normal operating conditions
2026-08-28T20:39:42.468104+00:00,26.87,1014.04,66.85,0,normal,Normal operating conditions
2026-08-28T20:40:42.468104+00:00,26.95,1013.93,66.33,0,normal,Normal operating conditions
2026-08-28T20:41:42.468104+00:00,26.96,1013.94,66.59,0,normal,Normal operating conditions
2026-08-28T20:42:42.468104+00:00,26.95,1013.88,66.95,0,normal,Normal operating conditions
2026-08-28T20:43:42.468104+00:00,26.89,1013.81,66.9,0,normal,Normal operating conditions
2026-08-28T20:44:42.468104+00:00,27.07,1013.64,67.16,0,normal,Normal operating conditions
2026-08-28T20:45:42.468104+00:00,26.79,1013.62,67.07,0,normal,Normal operating conditions
2026-08-28T20:46:42.468104+00:00,26.48,1013.63,67.02,0,normal,Normal operating conditions
2026-08-28T20:47:42.468104+00:00,26.2,1013.68,67.61,0,normal,Normal operating conditions
2026-08-28T20:48:42.468104+00:00,26.36,1013.68,67.68,0,normal,Normal operating conditions
2026-08-28T20:49:42.468104+00:00,26.49,1013.79,68.14,0,normal,Normal operating conditions
2026-08-28T20:50:42.468104+00:00,26.33,1013.77,68.32,0,normal,Normal operating conditions
2026-08-28T20:51:42.468104+00:00,26.08,1013.77,69.14,0,normal,Normal operating conditions
2026-08-28T20:52:42.468104+00:00,26.14,1013.85,69.17,0,normal,Normal operating conditions
2026-08-28T20:53:42.468104+00:00,26.11,1013.84,68.86,0,normal,Normal operating conditions
2026-08-28T20:54:42.468104+00:00,25.97,1013.89,69.34,0,normal,Normal operating conditions
2026-08-28T20:55:42.468104+00:00,25.84,1013.92,69.29,0,normal,Normal operating conditions
2026-08-28T20:56:42.468104+00:00,25.87,1013.9,69.63,0,normal,Normal operating conditions
2026-08-28T20:57:42.468104+00:00,25.87,1013.96,69.7,0,normal,Normal operating conditions
2026-08-28T20:58:42.468104+00:00,25.93,1013.83,70.43,0,normal,Normal operating conditions
2026-08-28T20:59:42.468104+00:00,25.97,1013.83,69.79,0,normal,Normal operating conditions
2026-08-28T21:00:42.468104+00:00,25.84,1013.88,69.88,0,normal,Normal operating conditions
2026-08-28T21:01:42.468104+00:00,25.59,1013.9,69.67,0,normal,Normal operating conditions
2026-08-28T21:02:42.468104+00:00,25.76,1013.83,69.75,0,normal,Normal operating conditions
2026-08-28T21:03:42.468104+00:00,25.88,1013.7,69.42,0,normal,Normal operating conditions
2026-08-28T21:04:42.468104+00:00,25.83,1013.71,69.0,0,normal,Normal operating conditions
2026-08-28T21:05:42.468104+00:00,25.6,1013.73,68.88,0,normal,Normal operating conditions
2026-08-28T21:06:42.468104+00:00,25.54,1013.52,68.75,0,normal,Normal operating conditions
2026-08-28T21:07:42.468104+00:00,25.53,1013.56,68.6,0,normal,Normal operating conditions
2026-08-28T21:08:42.468104+00:00,25.71,1013.46,68.51,0,normal,Normal operating conditions
2026-08-28T21:09:42.468104+00:00,25.87,1013.43,68.48,0,normal,Normal operating conditions
2026-08-28T21:10:42.468104+00:00,25.8,1013.5,69.17,0,normal,Normal operating conditions
2026-08-28T21:11:42.468104+00:00,25.66,1013.46,69.33,0,normal,Normal operating conditions
2026-08-28T21:12:42.468104+00:00,25.51,1013.41,69.45,0,normal,Normal operating conditions
2026-08-28T21:13:42.468104+00:00,25.62,1013.46,69.46,0,normal,Normal operating conditions
2026-08-28T21:14:42.468104+00:00,25.56,1013.47,69.38,0,normal,Normal operating conditions
2026-08-28T21:15:42.468104+00:00,25.6,1013.41,69.19,0,normal,Normal operating conditions
2026-08-28T21:16:42.468104+00:00,25.45,1013.48,69.3,0,normal,Normal operating conditions
2026-08-28T21:17:42.468104+00:00,25.61,1013.39,69.57,0,normal,Normal operating conditions
2026-08-28T21:18:42.468104+00:00,25.85,1013.26,69.06,0,normal,Normal operating conditions
2026-08-28T21:19:42.468104+00:00,25.94,1013.15,69.26,0,normal,Normal operating conditions
2026-08-28T21:20:42.468104+00:00,25.8,1013.14,69.12,0,normal,Normal operating conditions
2026-08-28T21:21:42.468104+00:00,25.71,1013.15,68.98,0,normal,Normal operating conditions
2026-08-28T21:22:42.468104+00:00,25.56,1013.09,68.72,0,normal,Normal operating conditions
2026-08-28T21:23:42.468104+00:00,25.46,1013.07,68.84,0,normal,Normal operating conditions
2026-08-28T21:24:42.468104+00:00,25.38,1013.03,68.88,0,normal,Normal operating conditions
2026-08-28T21:25:42.468104+00:00,25.42,1013.12,68.98,0,normal,Normal operating conditions
2026-08-28T21:26:42.468104+00:00,25.42,1013.06,69.38,0,normal,Normal operating conditions
2026-08-28T21:27:42.468104+00:00,25.56,1013.07,69.0,0,normal,Normal operating conditions
2026-08-28T21:28:42.468104+00:00,25.55,1013.13,69.21,0,normal,Normal operating conditions
2026-08-28T21:29:42.468104+00:00,25.6,1013.03,68.96,0,normal,Normal operating conditions
2026-08-28T21:30:42.468104+00:00,25.54,1012.85,69.18,0,normal,Normal operating conditions
2026-08-28T21:31:42.468104+00:00,25.63,1012.68,69.03,0,normal,Normal operating conditions
2026-08-28T21:32:42.468104+00:00,25.42,1012.66,69.22,0,normal,Normal operating conditions
2026-08-28T21:33:42.468104+00:00,25.52,1012.73,69.7,0,normal,Normal operating conditions
2026-08-28T21:34:42.468104+00:00,25.46,1012.74,69.67,0,normal,Normal operating conditions
2026-08-28T21:35:42.468104+00:00,25.49,1012.63,70.25,0,normal,Normal operating conditions
2026-08-28T21:36:42.468104+00:00,25.55,1012.63,70.44,0,normal,Normal operating conditions
2026-08-28T21:37:42.468104+00:00,25.51,1012.39,70.79,0,normal,Normal operating conditions
2026-08-28T21:38:42.468104+00:00,25.41,1012.38,71.26,0,normal,Normal operating conditions
2026-08-28T21:39:42.468104+00:00,25.32,1012.29,71.41,0,normal,Normal operating conditions
2026-08-28T21:40:42.468104+00:00,25.25,1012.31,71.65,0,normal,Normal operating conditions
2026-08-28T21:41:42.468104+00:00,25.3,1012.23,71.89,0,normal,Normal operating conditions
2026-08-28T21:42:42.468104+00:00,25.38,1012.1,72.12,0,normal,Normal operating conditions
2026-08-28T21:43:42.468104+00:00,25.22,1012.09,71.96,0,normal,Normal operating conditions
2026-08-28T21:44:42.468104+00:00,25.12,1012.25,71.7,0,normal,Normal operating conditions
2026-08-28T21:45:42.468104+00:00,24.91,1012.15,72.51,0,normal,Normal operating conditions
2026-08-28T21:46:42.468104+00:00,24.79,1012.16,72.52,0,normal,Normal operating conditions
2026-08-28T21:47:42.468104+00:00,24.63,1012.14,73.54,0,normal,Normal operating conditions
2026-08-28T21:48:42.468104+00:00,24.76,1012.08,73.85,0,normal,Normal operating conditions
2026-08-28T21:49:42.468104+00:00,24.6,1011.95,74.28,0,normal,Normal operating conditions
2026-08-28T21:50:42.468104+00:00,24.7,1012.05,74.15,0,normal,Normal operating conditions
2026-08-28T21:51:42.468104+00:00,24.62,1012.12,74.35,0,normal,Normal operating conditions
2026-08-28T21:52:42.468104+00:00,24.53,1012.0,74.44,0,normal,Normal operating conditions
2026-08-28T21:53:42.468104+00:00,24.61,1011.91,74.72,0,normal,Normal operating conditions
2026-08-28T21:54:42.468104+00:00,24.6,1011.99,75.06,0,normal,Normal operating conditions
2026-08-28T21:55:42.468104+00:00,24.46,1011.87,74.9,0,normal,Normal operating conditions
2026-08-28T21:56:42.468104+00:00,24.52,1011.84,74.69,0,normal,Normal operating conditions
2026-08-28T21:57:42.468104+00:00,24.25,1012.0,75.05,0,normal,Normal operating conditions
2026-08-28T21:58:42.468104+00:00,24.31,1012.08,75.29,0,normal,Normal operating conditions
2026-08-28T21:59:42.468104+00:00,24.24,1012.06,75.18,0,normal,Normal operating conditions
2026-08-28T22:00:42.468104+00:00,24.51,1012.1,75.06,0,normal,Normal operating conditions
2026-08-28T22:01:42.468104+00:00,24.51,1012.01,75.66,0,normal,Normal operating conditions
2026-08-28T22:02:42.468104+00:00,24.36,1012.05,76.06,0,normal,Normal operating conditions
2026-08-28T22:03:42.468104+00:00,24.35,1012.05,76.06,0,normal,Normal operating conditions
2026-08-28T22:04:42.468104+00:00,24.29,1011.99,75.92,0,normal,Normal operating conditions
2026-08-28T22:05:42.468104+00:00,24.41,1011.98,75.67,0,normal,Normal operating conditions
2026-08-28T22:06:42.468104+00:00,24.29,1012.06,75.96,0,normal,Normal operating conditions
2026-08-28T22:07:42.468104+00:00,24.29,1012.02,76.21,0,normal,Normal operating conditions
2026-08-28T22:08:42.468104+00:00,24.16,1011.99,76.57,0,normal,Normal operating conditions
2026-08-28T22:09:42.468104+00:00,24.21,1011.9,76.28,0,normal,Normal operating conditions
2026-08-28T22:10:42.468104+00:00,24.16,1012.03,75.65,0,normal,Normal operating conditions
2026-08-28T22:11:42.468104+00:00,24.14,1011.9,75.53,0,normal,Normal operating conditions
2026-08-28T22:12:42.468104+00:00,24.04,1011.86,75.46,0,normal,Normal operating conditions
2026-08-28T22:13:42.468104+00:00,23.98,1011.81,75.07,0,normal,Normal operating conditions
2026-08-28T22:14:42.468104+00:00,24.03,1011.87,75.53,0,normal,Normal operating conditions
2026-08-28T22:15:42.468104+00:00,23.79,1011.88,75.91,0,normal,Normal operating conditions
2026-08-28T22:16:42.468104+00:00,23.62,1011.87,75.98,0,normal,Normal operating conditions
2026-08-28T22:17:42.468104+00:00,23.82,1012.01,75.52,0,normal,Normal operating conditions
2026-08-28T22:18:42.468104+00:00,24.07,1011.91,76.02,0,normal,Normal operating conditions
2026-08-28T22:19:42.468104+00:00,24.12,1011.81,76.32,0,normal,Normal operating conditions
2026-08-28T22:20:42.468104+00:00,24.03,1011.84,76.51,0,normal,Normal operating conditions
2026-08-28T22:21:42.468104+00:00,24.1,1011.83,76.56,0,normal,Normal operating conditions
2026-08-28T22:22:42.468104+00:00,24.16,1011.86,76.92,0,normal,Normal operating conditions
2026-08-28T22:23:42.468104+00:00,23.99,1011.75,76.81,0,normal,Normal operating conditions
2026-08-28T22:24:42.468104+00:00,23.84,1011.8,77.26,0,normal,Normal operating conditions
2026-08-28T22:25:42.468104+00:00,23.76,1011.9,77.81,0,normal,Normal operating conditions
2026-08-28T22:26:42.468104+00:00,23.73,1011.81,78.4,0,normal,Normal operating conditions
2026-08-28T22:27:42.468104+00:00,23.66,1011.79,78.28,0,normal,Normal operating conditions
2026-08-28T22:28:42.468104+00:00,23.5,1011.65,78.52,0,normal,Normal operating conditions
2026-08-28T22:29:42.468104+00:00,23.36,1011.89,78.14,0,normal,Normal operating conditions
2026-08-28T22:30:42.468104+00:00,23.17,1011.89,78.72,0,normal,Normal operating conditions
2026-08-28T22:31:42.468104+00:00,23.16,1011.91,78.07,0,normal,Normal operating conditions
2026-08-28T22:32:42.468104+00:00,23.05,1011.78,77.47,0,normal,Normal operating conditions
2026-08-28T22:33:42.468104+00:00,23.05,1011.58,77.12,0,normal,Normal operating conditions
2026-08-28T22:34:42.468104+00:00,22.96,1011.5,77.41,0,normal,Normal operating conditions
2026-08-28T22:35:42.468104+00:00,22.98,1011.56,77.81,0,normal,Normal operating conditions
2026-08-28T22:36:42.468104+00:00,23.1,1011.55,78.03,0,normal,Normal operating conditions
2026-08-28T22:37:42.468104+00:00,23.13,1011.54,77.99,0,normal,Normal operating conditions
2026-08-28T22:38:42.468104+00:00,23.06,1011.46,78.25,0,normal,Normal operating conditions
2026-08-28T22:39:42.468104+00:00,23.01,1011.4,78.11,0,normal,Normal operating conditions
2026-08-28T22:40:42.468104+00:00,22.84,1011.47,78.26,0,normal,Normal operating conditions
2026-08-28T22:41:42.468104+00:00,22.72,1011.52,78.17,0,normal,Normal operating conditions
2026-08-28T22:42:42.468104+00:00,22.54,1011.59,78.11,0,normal,Normal operating conditions
2026-08-28T22:43:42.468104+00:00,22.49,1011.57,78.65,0,normal,Normal operating conditions
2026-08-28T22:44:42.468104+00:00,22.49,1011.45,78.94,0,normal,Normal operating conditions
2026-08-28T22:45:42.468104+00:00,22.44,1011.58,79.02,0,normal,Normal operating conditions
2026-08-28T22:46:42.468104+00:00,22.17,1011.58,79.79,0,normal,Normal operating conditions
2026-08-28T22:47:42.468104+00:00,22.38,1011.7,79.46,0,normal,Normal operating conditions
2026-08-28T22:48:42.468104+00:00,22.5,1011.6,79.6,0,normal,Normal operating conditions
2026-08-28T22:49:42.468104+00:00,22.33,1011.52,79.43,0,normal,Normal operating conditions
2026-08-28T22:50:42.468104+00:00,22.45,1011.55,79.6,0,normal,Normal operating conditions
2026-08-28T22:51:42.468104+00:00,22.28,1011.5,79.41,0,normal,Normal operating conditions
2026-08-28T22:52:42.468104+00:00,22.38,1011.56,79.88,0,normal,Normal operating conditions
2026-08-28T22:53:42.468104+00:00,22.29,1011.31,79.32,0,normal,Normal operating conditions
2026-08-28T22:54:42.468104+00:00,22.45,1011.26,79.18,1,frozen_sensor,Stuck/Frozen sensor reading on all (zero variance)
2026-08-28T22:55:42.468104+00:00,22.45,1011.26,79.18,1,frozen_sensor,Stuck/Frozen sensor reading on all (zero variance)
2026-08-28T22:56:42.468104+00:00,22.45,1011.26,79.18,1,frozen_sensor,Stuck/Frozen sensor reading on all (zero variance)
2026-08-28T22:57:42.468104+00:00,22.45,1011.26,79.18,1,frozen_sensor,Stuck/Frozen sensor reading on all (zero variance)
2026-08-28T22:58:42.468104+00:00,22.45,1011.26,79.18,1,frozen_sensor,Stuck/Frozen sensor reading on all (zero variance)
2026-08-28T22:59:42.468104+00:00,22.45,1011.26,79.18,1,frozen_sensor,Stuck/Frozen sensor reading on all (zero variance)
2026-08-28T23:00:42.468104+00:00,22.45,1011.26,79.18,1,frozen_sensor,Stuck/Frozen sensor reading on all (zero variance)
2026-08-28T23:01:42.468104+00:00,22.45,1011.26,79.18,1,frozen_sensor,Stuck/Frozen sensor reading on all (zero variance)
2026-08-28T23:02:42.468104+00:00,22.45,1011.26,79.18,1,frozen_sensor,Stuck/Frozen sensor reading on all (zero variance)
2026-08-28T23:03:42.468104+00:00,22.45,1011.26,79.18,1,frozen_sensor,Stuck/Frozen sensor reading on all (zero variance)
2026-08-28T23:04:42.468104+00:00,22.45,1011.26,79.18,1,frozen_sensor,Stuck/Frozen sensor reading on all (zero variance)
2026-08-28T23:05:42.468104+00:00,22.45,1011.26,79.18,1,frozen_sensor,Stuck/Frozen sensor reading on all (zero variance)
2026-08-28T23:06:42.468104+00:00,22.45,1011.26,79.18,1,frozen_sensor,Stuck/Frozen sensor reading on all (zero variance)
2026-08-28T23:07:42.468104+00:00,22.45,1011.26,79.18,1,frozen_sensor,Stuck/Frozen sensor reading on all (zero variance)
2026-08-28T23:08:42.468104+00:00,22.45,1011.26,79.18,1,frozen_sensor,Stuck/Frozen sensor reading on all (zero variance)
2026-08-28T23:09:42.468104+00:00,22.45,1011.26,79.18,1,frozen_sensor,Stuck/Frozen sensor reading on all (zero variance)
2026-08-28T23:10:42.468104+00:00,22.45,1011.26,79.18,1,frozen_sensor,Stuck/Frozen sensor reading on all (zero variance)
2026-08-28T23:11:42.468104+00:00,22.45,1011.26,79.18,1,frozen_sensor,Stuck/Frozen sensor reading on all (zero variance)
2026-08-28T23:12:42.468104+00:00,22.45,1011.26,79.18,1,frozen_sensor,Stuck/Frozen sensor reading on all (zero variance)
2026-08-28T23:13:42.468104+00:00,22.45,1011.26,79.18,1,frozen_sensor,Stuck/Frozen sensor reading on all (zero variance)
2026-08-28T23:14:42.468104+00:00,22.58,1011.16,81.98,0,normal,Normal operating conditions
2026-08-28T23:15:42.468104+00:00,22.66,1011.19,82.71,0,normal,Normal operating conditions
2026-08-28T23:16:42.468104+00:00,22.4,1011.14,82.53,0,normal,Normal operating conditions
2026-08-28T23:17:42.468104+00:00,22.11,1011.2,82.45,0,normal,Normal operating conditions
2026-08-28T23:18:42.468104+00:00,22.16,1011.36,82.34,0,normal,Normal operating conditions
2026-08-28T23:19:42.468104+00:00,22.07,1011.32,82.73,0,normal,Normal operating conditions
2026-08-28T23:20:42.468104+00:00,21.97,1011.23,83.11,0,normal,Normal operating conditions
2026-08-28T23:21:42.468104+00:00,21.99,1011.03,82.67,0,normal,Normal operating conditions
2026-08-28T23:22:42.468104+00:00,22.14,1011.04,82.43,0,normal,Normal operating conditions
2026-08-28T23:23:42.468104+00:00,22.07,1011.02,82.74,0,normal,Normal operating conditions
2026-08-28T23:24:42.468104+00:00,21.86,1010.94,82.87,0,normal,Normal operating conditions
2026-08-28T23:25:42.468104+00:00,21.83,1010.97,82.47,0,normal,Normal operating conditions
2026-08-28T23:26:42.468104+00:00,21.84,1011.04,82.71,0,normal,Normal operating conditions
2026-08-28T23:27:42.468104+00:00,21.83,1011.0,82.47,0,normal,Normal operating conditions
2026-08-28T23:28:42.468104+00:00,21.79,1011.08,82.51,0,normal,Normal operating conditions
2026-08-28T23:29:42.468104+00:00,21.66,1011.01,82.66,0,normal,Normal operating conditions
2026-08-28T23:30:42.468104+00:00,21.59,1011.03,82.92,0,normal,Normal operating conditions
2026-08-28T23:31:42.468104+00:00,21.68,1011.11,83.33,0,normal,Normal operating conditions
2026-08-28T23:32:42.468104+00:00,21.55,1011.01,83.34,0,normal,Normal operating conditions
2026-08-28T23:33:42.468104+00:00,21.48,1010.89,83.22,0,normal,Normal operating conditions
2026-08-28T23:34:42.468104+00:00,21.41,1010.82,83.17,0,normal,Normal operating conditions
2026-08-28T23:35:42.468104+00:00,21.54,1010.82,84.1,0,normal,Normal operating conditions
2026-08-28T23:36:42.468104+00:00,21.54,1010.78,84.1,0,normal,Normal operating conditions
2026-08-28T23:37:42.468104+00:00,21.55,1010.81,84.82,0,normal,Normal operating conditions
2026-08-28T23:38:42.468104+00:00,21.42,1010.86,84.85,0,normal,Normal operating conditions
2026-08-28T23:39:42.468104+00:00,21.22,1010.9,85.24,0,normal,Normal operating conditions
2026-08-28T23:40:42.468104+00:00,21.11,1010.88,84.57,0,normal,Normal operating conditions
2026-08-28T23:41:42.468104+00:00,20.97,1010.94,84.39,0,normal,Normal operating conditions
2026-08-28T23:42:42.468104+00:00,20.85,1010.93,84.21,0,normal,Normal operating conditions
2026-08-28T23:43:42.468104+00:00,20.82,1010.96,83.83,0,normal,Normal operating conditions
2026-08-28T23:44:42.468104+00:00,20.73,1010.95,84.23,0,normal,Normal operating conditions
2026-08-28T23:45:42.468104+00:00,20.91,1010.86,84.6,0,normal,Normal operating conditions
2026-08-28T23:46:42.468104+00:00,20.83,1010.99,84.21,0,normal,Normal operating conditions
2026-08-28T23:47:42.468104+00:00,21.01,1010.9,84.96,0,normal,Normal operating conditions
2026-08-28T23:48:42.468104+00:00,21.08,1010.79,84.77,0,normal,Normal operating conditions
2026-08-28T23:49:42.468104+00:00,21.17,1010.86,84.76,0,normal,Normal operating conditions
2026-08-28T23:50:42.468104+00:00,21.16,1010.89,84.83,0,normal,Normal operating conditions
2026-08-28T23:51:42.468104+00:00,20.99,1010.8,84.93,0,normal,Normal operating conditions
2026-08-28T23:52:42.468104+00:00,21.13,1010.91,85.22,0,normal,Normal operating conditions
2026-08-28T23:53:42.468104+00:00,21.15,1010.94,84.98,0,normal,Normal operating conditions
2026-08-28T23:54:42.468104+00:00,21.12,1010.84,84.57,0,normal,Normal operating conditions
2026-08-28T23:55:42.468104+00:00,21.14,1010.83,84.87,0,normal,Normal operating conditions
2026-08-28T23:56:42.468104+00:00,21.18,1010.82,85.11,0,normal,Normal operating conditions
2026-08-28T23:57:42.468104+00:00,21.15,1010.83,84.88,0,normal,Normal operating conditions
2026-08-28T23:58:42.468104+00:00,21.17,1010.85,84.7,0,normal,Normal operating conditions
2026-08-28T23:59:42.468104+00:00,21.15,1010.78,84.58,0,normal,Normal operating conditions
2026-08-29T00:00:42.468104+00:00,20.99,1010.85,85.04,0,normal,Normal operating conditions
2026-08-29T00:01:42.468104+00:00,21.04,1010.98,85.03,0,normal,Normal operating conditions
2026-08-29T00:02:42.468104+00:00,21.38,1010.92,85.18,0,normal,Normal operating conditions
2026-08-29T00:03:42.468104+00:00,21.28,1010.92,85.52,0,normal,Normal operating conditions
2026-08-29T00:04:42.468104+00:00,21.22,1011.02,85.63,0,normal,Normal operating conditions
2026-08-29T00:05:42.468104+00:00,21.22,1010.91,85.81,0,normal,Normal operating conditions
2026-08-29T00:06:42.468104+00:00,21.16,1010.82,85.55,0,normal,Normal operating conditions
2026-08-29T00:07:42.468104+00:00,21.44,1010.77,85.08,0,normal,Normal operating conditions
2026-08-29T00:08:42.468104+00:00,21.29,1010.74,85.36,0,normal,Normal operating conditions
2026-08-29T00:09:42.468104+00:00,21.31,1010.77,85.2,0,normal,Normal operating conditions
2026-08-29T00:10:42.468104+00:00,21.3,1010.68,85.06,0,normal,Normal operating conditions
2026-08-29T00:11:42.468104+00:00,21.13,1010.56,85.53,0,normal,Normal operating conditions
2026-08-29T00:12:42.468104+00:00,21.17,1010.63,85.61,0,normal,Normal operating conditions
2026-08-29T00:13:42.468104+00:00,21.22,1010.47,85.98,0,normal,Normal operating conditions
2026-08-29T00:14:42.468104+00:00,21.18,1010.52,86.15,0,normal,Normal operating conditions
2026-08-29T00:15:42.468104+00:00,21.02,1010.39,85.93,0,normal,Normal operating conditions
2026-08-29T00:16:42.468104+00:00,21.04,1010.45,85.51,0,normal,Normal operating conditions
2026-08-29T00:17:42.468104+00:00,20.88,1010.39,85.47,0,normal,Normal operating conditions
2026-08-29T00:18:42.468104+00:00,20.69,1010.28,85.28,0,normal,Normal operating conditions
2026-08-29T00:19:42.468104+00:00,20.68,1010.2,85.36,0,normal,Normal operating conditions
2026-08-29T00:20:42.468104+00:00,20.79,1010.11,85.4,0,normal,Normal operating conditions
2026-08-29T00:21:42.468104+00:00,20.89,1010.1,85.32,0,normal,Normal operating conditions
2026-08-29T00:22:42.468104+00:00,20.99,1010.1,85.83,0,normal,Normal operating conditions
2026-08-29T00:23:42.468104+00:00,20.99,1010.1,86.09,0,normal,Normal operating conditions
2026-08-29T00:24:42.468104+00:00,20.99,1010.21,85.97,0,normal,Normal operating conditions
2026-08-29T00:25:42.468104+00:00,20.94,1010.22,86.3,0,normal,Normal operating conditions
2026-08-29T00:26:42.468104+00:00,20.77,1010.32,86.53,0,normal,Normal operating conditions
2026-08-29T00:27:42.468104+00:00,20.58,1010.42,87.36,0,normal,Normal operating conditions
2026-08-29T00:28:42.468104+00:00,20.68,1010.53,87.38,0,normal,Normal operating conditions
2026-08-29T00:29:42.468104+00:00,20.45,1010.38,87.46,0,normal,Normal operating conditions
2026-08-29T00:30:42.468104+00:00,20.37,1010.3,87.43,0,normal,Normal operating conditions
2026-08-29T00:31:42.468104+00:00,20.44,1010.2,87.27,0,normal,Normal operating conditions
2026-08-29T00:32:42.468104+00:00,20.61,1010.13,87.58,0,normal,Normal operating conditions
2026-08-29T00:33:42.468104+00:00,20.52,1010.19,87.96,0,normal,Normal operating conditions
2026-08-29T00:34:42.468104+00:00,20.59,1010.28,87.52,0,normal,Normal operating conditions
2026-08-29T00:35:42.468104+00:00,20.69,1010.23,87.61,0,normal,Normal operating conditions
2026-08-29T00:36:42.468104+00:00,20.69,1010.28,87.73,0,normal,Normal operating conditions
2026-08-29T00:37:42.468104+00:00,20.55,1010.18,88.03,0,normal,Normal operating conditions
2026-08-29T00:38:42.468104+00:00,20.54,1010.29,87.99,0,normal,Normal operating conditions
2026-08-29T00:39:42.468104+00:00,20.34,1010.38,87.84,0,normal,Normal operating conditions
2026-08-29T00:40:42.468104+00:00,20.37,1010.33,88.41,0,normal,Normal operating conditions
2026-08-29T00:41:42.468104+00:00,20.25,1010.31,88.4,0,normal,Normal operating conditions
2026-08-29T00:42:42.468104+00:00,20.11,1010.34,88.92,0,normal,Normal operating conditions
2026-08-29T00:43:42.468104+00:00,20.05,1010.38,87.88,0,normal,Normal operating conditions
2026-08-29T00:44:42.468104+00:00,20.05,1010.36,87.6,0,normal,Normal operating conditions
2026-08-29T00:45:42.468104+00:00,20.18,1010.34,87.57,0,normal,Normal operating conditions
2026-08-29T00:46:42.468104+00:00,20.13,1010.19,87.21,0,normal,Normal operating conditions
2026-08-29T00:47:42.468104+00:00,20.24,1010.04,87.02,0,normal,Normal operating conditions
2026-08-29T00:48:42.468104+00:00,20.18,1010.21,87.37,0,normal,Normal operating conditions
2026-08-29T00:49:42.468104+00:00,20.1,1010.33,87.18,0,normal,Normal operating conditions
2026-08-29T00:50:42.468104+00:00,20.22,1010.23,87.64,0,normal,Normal operating conditions
2026-08-29T00:51:42.468104+00:00,20.15,1010.17,87.61,0,normal,Normal operating conditions
2026-08-29T00:52:42.468104+00:00,20.17,1010.15,87.86,0,normal,Normal operating conditions
2026-08-29T00:53:42.468104+00:00,20.09,1010.22,88.05,0,normal,Normal operating conditions
2026-08-29T00:54:42.468104+00:00,20.07,1010.21,88.13,0,normal,Normal operating conditions
2026-08-29T00:55:42.468104+00:00,20.13,1010.39,88.48,0,normal,Normal operating conditions
2026-08-29T00:56:42.468104+00:00,20.24,1010.64,88.66,0,normal,Normal operating conditions
2026-08-29T00:57:42.468104+00:00,20.27,1010.68,88.3,0,normal,Normal operating conditions
2026-08-29T00:58:42.468104+00:00,20.19,1010.63,88.54,0,normal,Normal operating conditions
2026-08-29T00:59:42.468104+00:00,20.15,1010.62,88.92,0,normal,Normal operating conditions
2026-08-29T01:00:42.468104+00:00,20.23,1010.6,88.66,0,normal,Normal operating conditions
2026-08-29T01:01:42.468104+00:00,20.34,1010.65,88.1,0,normal,Normal operating conditions
2026-08-29T01:02:42.468104+00:00,20.27,1010.65,88.42,0,normal,Normal operating conditions
2026-08-29T01:03:42.468104+00:00,20.35,1010.66,88.65,0,normal,Normal operating conditions
2026-08-29T01:04:42.468104+00:00,20.32,1010.59,88.56,0,normal,Normal operating conditions
2026-08-29T01:05:42.468104+00:00,20.29,1010.58,87.92,0,normal,Normal operating conditions
2026-08-29T01:06:42.468104+00:00,20.2,1010.58,87.89,0,normal,Normal operating conditions
2026-08-29T01:07:42.468104+00:00,20.15,1010.61,87.59,0,normal,Normal operating conditions
2026-08-29T01:08:42.468104+00:00,19.93,1010.57,87.96,0,normal,Normal operating conditions
2026-08-29T01:09:42.468104+00:00,20.12,1010.63,87.53,0,normal,Normal operating conditions
2026-08-29T01:10:42.468104+00:00,20.07,1010.64,87.7,0,normal,Normal operating conditions
2026-08-29T01:11:42.468104+00:00,20.11,1010.56,87.83,0,normal,Normal operating conditions
2026-08-29T01:12:42.468104+00:00,20.14,1010.62,87.64,0,normal,Normal operating conditions
2026-08-29T01:13:42.468104+00:00,20.07,1010.4,87.53,0,normal,Normal operating conditions
2026-08-29T01:14:42.468104+00:00,19.98,1010.33,87.71,0,normal,Normal operating conditions
2026-08-29T01:15:42.468104+00:00,19.96,1010.17,87.9,0,normal,Normal operating conditions
2026-08-29T01:16:42.468104+00:00,19.83,1010.24,87.55,0,normal,Normal operating conditions
2026-08-29T01:17:42.468104+00:00,19.83,1010.24,87.79,0,normal,Normal operating conditions
2026-08-29T01:18:42.468104+00:00,20.24,1010.25,87.36,1,sensor_drift,Linear sensor calibration drift (+0.4 units on temperature)
2026-08-29T01:19:42.468104+00:00,20.45,1010.23,87.51,1,sensor_drift,Linear sensor calibration drift (+0.8 units on temperature)
2026-08-29T01:20:42.468104+00:00,20.78,1010.3,87.55,1,sensor_drift,Linear sensor calibration drift (+1.2 units on temperature)
2026-08-29T01:21:42.468104+00:00,21.08,1010.3,87.76,1,sensor_drift,Linear sensor calibration drift (+1.6 units on temperature)
2026-08-29T01:22:42.468104+00:00,21.54,1010.48,87.65,1,sensor_drift,Linear sensor calibration drift (+2.0 units on temperature)
2026-08-29T01:23:42.468104+00:00,21.94,1010.52,87.78,1,sensor_drift,Linear sensor calibration drift (+2.4 units on temperature)
2026-08-29T01:24:42.468104+00:00,22.29,1010.41,87.72,1,sensor_drift,Linear sensor calibration drift (+2.8 units on temperature)
2026-08-29T01:25:42.468104+00:00,22.58,1010.28,87.58,1,sensor_drift,Linear sensor calibration drift (+3.2 units on temperature)
2026-08-29T01:26:42.468104+00:00,22.88,1010.36,87.93,1,sensor_drift,Linear sensor calibration drift (+3.6 units on temperature)
2026-08-29T01:27:42.468104+00:00,23.2,1010.36,87.4,1,sensor_drift,Linear sensor calibration drift (+4.0 units on temperature)
2026-08-29T01:28:42.468104+00:00,23.58,1010.41,87.85,1,sensor_drift,Linear sensor calibration drift (+4.4 units on temperature)
2026-08-29T01:29:42.468104+00:00,23.93,1010.52,87.45,1,sensor_drift,Linear sensor calibration drift (+4.8 units on temperature)
2026-08-29T01:30:42.468104+00:00,24.22,1010.59,88.2,1,sensor_drift,Linear sensor calibration drift (+5.2 units on temperature)
2026-08-29T01:31:42.468104+00:00,24.73,1010.59,87.54,1,sensor_drift,Linear sensor calibration drift (+5.6 units on temperature)
2026-08-29T01:32:42.468104+00:00,24.93,1010.61,87.57,1,sensor_drift,Linear sensor calibration drift (+6.0 units on temperature)
2026-08-29T01:33:42.468104+00:00,25.25,1010.62,87.77,1,sensor_drift,Linear sensor calibration drift (+6.4 units on temperature)
2026-08-29T01:34:42.468104+00:00,25.83,1010.63,88.35,1,sensor_drift,Linear sensor calibration drift (+6.8 units on temperature)
2026-08-29T01:35:42.468104+00:00,26.28,1010.63,88.82,1,sensor_drift,Linear sensor calibration drift (+7.2 units on temperature)
2026-08-29T01:36:42.468104+00:00,26.6,1010.86,89.01,1,sensor_drift,Linear sensor calibration drift (+7.6 units on temperature)
2026-08-29T01:37:42.468104+00:00,27.1,1010.89,89.72,1,sensor_drift,Linear sensor calibration drift (+8.0 units on temperature)
2026-08-29T01:38:42.468104+00:00,27.63,1010.75,90.21,1,sensor_drift,Linear sensor calibration drift (+8.4 units on temperature)
2026-08-29T01:39:42.468104+00:00,28.02,1010.76,89.72,1,sensor_drift,Linear sensor calibration drift (+8.8 units on temperature)
2026-08-29T01:40:42.468104+00:00,28.51,1010.71,89.75,1,sensor_drift,Linear sensor calibration drift (+9.2 units on temperature)
2026-08-29T01:41:42.468104+00:00,28.9,1010.86,90.44,1,sensor_drift,Linear sensor calibration drift (+9.6 units on temperature)
2026-08-29T01:42:42.468104+00:00,29.33,1010.86,90.25,1,sensor_drift,Linear sensor calibration drift (+10.0 units on temperature)
2026-08-29T01:43:42.468104+00:00,29.88,1010.83,90.07,1,sensor_drift,Linear sensor calibration drift (+10.4 units on temperature)
2026-08-29T01:44:42.468104+00:00,30.41,1010.78,90.03,1,sensor_drift,Linear sensor calibration drift (+10.8 units on temperature)
2026-08-29T01:45:42.468104+00:00,30.61,1010.84,90.69,1,sensor_drift,Linear sensor calibration drift (+11.2 units on temperature)
2026-08-29T01:46:42.468104+00:00,31.11,1010.95,90.32,1,sensor_drift,Linear sensor calibration drift (+11.6 units on temperature)
2026-08-29T01:47:42.468104+00:00,31.54,1010.87,90.2,1,sensor_drift,Linear sensor calibration drift (+12.0 units on temperature)
2026-08-29T01:48:42.468104+00:00,32.04,1010.87,89.67,1,sensor_drift,Linear sensor calibration drift (+12.4 units on temperature)
2026-08-29T01:49:42.468104+00:00,32.27,1010.76,89.86,1,sensor_drift,Linear sensor calibration drift (+12.8 units on temperature)
2026-08-29T01:50:42.468104+00:00,32.93,1010.88,89.19,1,sensor_drift,Linear sensor calibration drift (+13.2 units on temperature)
2026-08-29T01:51:42.468104+00:00,33.48,1010.95,88.71,1,sensor_drift,Linear sensor calibration drift (+13.6 units on temperature)
2026-08-29T01:52:42.468104+00:00,33.82,1011.03,88.99,1,sensor_drift,Linear sensor calibration drift (+14.0 units on temperature)
2026-08-29T01:53:42.468104+00:00,19.64,1011.07,88.32,0,normal,Normal operating conditions
2026-08-29T01:54:42.468104+00:00,19.6,1011.15,88.45,0,normal,Normal operating conditions
2026-08-29T01:55:42.468104+00:00,19.54,1011.2,88.91,0,normal,Normal operating conditions
2026-08-29T01:56:42.468104+00:00,19.69,1011.25,89.37,0,normal,Normal operating conditions
2026-08-29T01:57:42.468104+00:00,19.77,1011.24,89.44,0,normal,Normal operating conditions
2026-08-29T01:58:42.468104+00:00,19.72,1011.12,89.15,0,normal,Normal operating conditions
2026-08-29T01:59:42.468104+00:00,19.67,1011.13,89.72,0,normal,Normal operating conditions
2026-08-29T02:00:42.468104+00:00,19.65,1011.19,90.11,0,normal,Normal operating conditions
2026-08-29T02:01:42.468104+00:00,19.61,1011.22,90.02,0,normal,Normal operating conditions
2026-08-29T02:02:42.468104+00:00,19.76,1011.26,89.6,0,normal,Normal operating conditions
2026-08-29T02:03:42.468104+00:00,19.76,1011.37,89.56,0,normal,Normal operating conditions
2026-08-29T02:04:42.468104+00:00,19.79,1011.38,89.24,0,normal,Normal operating conditions
2026-08-29T02:05:42.468104+00:00,19.83,1011.24,89.08,0,normal,Normal operating conditions
2026-08-29T02:06:42.468104+00:00,19.93,1011.25,89.04,0,normal,Normal operating conditions
2026-08-29T02:07:42.468104+00:00,19.95,1011.23,89.13,0,normal,Normal operating conditions
2026-08-29T02:08:42.468104+00:00,20.0,1011.16,89.21,0,normal,Normal operating conditions
2026-08-29T02:09:42.468104+00:00,19.92,1011.03,88.95,0,normal,Normal operating conditions
2026-08-29T02:10:42.468104+00:00,20.07,1011.06,88.58,0,normal,Normal operating conditions
2026-08-29T02:11:42.468104+00:00,19.84,1011.06,89.24,0,normal,Normal operating conditions
2026-08-29T02:12:42.468104+00:00,19.79,1011.17,89.42,0,normal,Normal operating conditions
2026-08-29T02:13:42.468104+00:00,19.82,1011.06,89.8,0,normal,Normal operating conditions
2026-08-29T02:14:42.468104+00:00,19.76,1011.13,89.53,0,normal,Normal operating conditions
2026-08-29T02:15:42.468104+00:00,19.76,1011.16,89.52,0,normal,Normal operating conditions
2026-08-29T02:16:42.468104+00:00,19.78,1011.14,89.33,0,normal,Normal operating conditions
2026-08-29T02:17:42.468104+00:00,19.95,1011.23,89.12,0,normal,Normal operating conditions
2026-08-29T02:18:42.468104+00:00,19.98,1011.16,88.78,0,normal,Normal operating conditions
2026-08-29T02:19:42.468104+00:00,20.07,1011.03,89.21,0,normal,Normal operating conditions
2026-08-29T02:20:42.468104+00:00,19.99,1011.03,89.42,0,normal,Normal operating conditions
2026-08-29T02:21:42.468104+00:00,20.02,1010.98,89.72,0,normal,Normal operating conditions
2026-08-29T02:22:42.468104+00:00,19.99,1010.9,89.68,0,normal,Normal operating conditions
2026-08-29T02:23:42.468104+00:00,20.12,1011.06,89.96,0,normal,Normal operating conditions
2026-08-29T02:24:42.468104+00:00,19.93,1011.12,90.26,0,normal,Normal operating conditions
2026-08-29T02:25:42.468104+00:00,19.98,1011.2,90.37,0,normal,Normal operating conditions
2026-08-29T02:26:42.468104+00:00,19.93,1011.16,89.68,0,normal,Normal operating conditions
2026-08-29T02:27:42.468104+00:00,19.94,1011.18,89.9,0,normal,Normal operating conditions
2026-08-29T02:28:42.468104+00:00,19.74,1011.25,90.63,0,normal,Normal operating conditions
2026-08-29T02:29:42.468104+00:00,19.73,1011.25,90.69,0,normal,Normal operating conditions
2026-08-29T02:30:42.468104+00:00,19.96,1011.18,90.7,0,normal,Normal operating conditions
2026-08-29T02:31:42.468104+00:00,19.82,1011.15,90.63,0,normal,Normal operating conditions
2026-08-29T02:32:42.468104+00:00,19.96,1011.31,90.73,0,normal,Normal operating conditions
2026-08-29T02:33:42.468104+00:00,19.88,1011.52,90.52,0,normal,Normal operating conditions
2026-08-29T02:34:42.468104+00:00,19.78,1011.37,90.97,0,normal,Normal operating conditions
2026-08-29T02:35:42.468104+00:00,19.88,1011.57,90.4,0,normal,Normal operating conditions
2026-08-29T02:36:42.468104+00:00,20.02,1011.56,90.65,0,normal,Normal operating conditions
2026-08-29T02:37:42.468104+00:00,19.78,1011.67,90.87,0,normal,Normal operating conditions
2026-08-29T02:38:42.468104+00:00,19.76,1011.71,90.53,0,normal,Normal operating conditions
2026-08-29T02:39:42.468104+00:00,19.67,1011.65,89.83,0,normal,Normal operating conditions
2026-08-29T02:40:42.468104+00:00,19.76,1011.74,89.59,0,normal,Normal operating conditions
2026-08-29T02:41:42.468104+00:00,19.78,1011.7,89.73,0,normal,Normal operating conditions
2026-08-29T02:42:42.468104+00:00,19.69,1011.62,90.11,0,normal,Normal operating conditions
2026-08-29T02:43:42.468104+00:00,19.67,1011.77,90.11,0,normal,Normal operating conditions
2026-08-29T02:44:42.468104+00:00,19.55,1011.85,90.31,0,normal,Normal operating conditions
2026-08-29T02:45:42.468104+00:00,19.63,1011.93,90.05,0,normal,Normal operating conditions
2026-08-29T02:46:42.468104+00:00,19.61,1011.89,89.58,0,normal,Normal operating conditions
2026-08-29T02:47:42.468104+00:00,19.58,1011.97,89.68,0,normal,Normal operating conditions
2026-08-29T02:48:42.468104+00:00,19.41,1011.82,90.28,0,normal,Normal operating conditions
2026-08-29T02:49:42.468104+00:00,19.41,1011.75,90.14,0,normal,Normal operating conditions
2026-08-29T02:50:42.468104+00:00,19.25,1011.86,89.98,0,normal,Normal operating conditions
2026-08-29T02:51:42.468104+00:00,19.44,1011.85,90.46,0,normal,Normal operating conditions
2026-08-29T02:52:42.468104+00:00,19.48,1011.9,90.66,0,normal,Normal operating conditions
2026-08-29T02:53:42.468104+00:00,19.56,1011.92,90.5,0,normal,Normal operating conditions
2026-08-29T02:54:42.468104+00:00,19.79,1011.83,90.44,0,normal,Normal operating conditions
2026-08-29T02:55:42.468104+00:00,19.78,1011.85,90.23,0,normal,Normal operating conditions
2026-08-29T02:56:42.468104+00:00,19.8,1011.83,89.63,0,normal,Normal operating conditions
2026-08-29T02:57:42.468104+00:00,19.79,1011.74,89.03,0,normal,Normal operating conditions
2026-08-29T02:58:42.468104+00:00,19.79,1011.78,89.26,0,normal,Normal operating conditions
2026-08-29T02:59:42.468104+00:00,19.84,1011.63,88.82,0,normal,Normal operating conditions
2026-08-29T03:00:42.468104+00:00,20.06,1011.56,89.09,0,normal,Normal operating conditions
2026-08-29T03:01:42.468104+00:00,19.94,1011.59,88.91,0,normal,Normal operating conditions
2026-08-29T03:02:42.468104+00:00,19.99,1011.62,88.81,0,normal,Normal operating conditions
2026-08-29T03:03:42.468104+00:00,19.83,1011.66,88.44,0,normal,Normal operating conditions
2026-08-29T03:04:42.468104+00:00,19.87,1011.89,89.0,0,normal,Normal operating conditions
2026-08-29T03:05:42.468104+00:00,19.94,1011.88,88.36,0,normal,Normal operating conditions
2026-08-29T03:06:42.468104+00:00,19.76,1011.99,88.18,0,normal,Normal operating conditions
2026-08-29T03:07:42.468104+00:00,19.66,1011.97,87.91,0,normal,Normal operating conditions
2026-08-29T03:08:42.468104+00:00,19.52,1011.96,87.72,0,normal,Normal operating conditions
2026-08-29T03:09:42.468104+00:00,19.44,1011.9,88.04,0,normal,Normal operating conditions
2026-08-29T03:10:42.468104+00:00,19.43,1011.89,88.35,0,normal,Normal operating conditions
2026-08-29T03:11:42.468104+00:00,19.44,1011.88,88.6,0,normal,Normal operating conditions
2026-08-29T03:12:42.468104+00:00,19.54,1011.88,88.69,0,normal,Normal operating conditions
2026-08-29T03:13:42.468104+00:00,19.46,1011.82,89.01,0,normal,Normal operating conditions
2026-08-29T03:14:42.468104+00:00,19.53,1011.87,89.13,0,normal,Normal operating conditions
2026-08-29T03:15:42.468104+00:00,19.55,1011.94,89.46,0,normal,Normal operating conditions
2026-08-29T03:16:42.468104+00:00,19.68,1011.95,89.93,0,normal,Normal operating conditions
2026-08-29T03:17:42.468104+00:00,19.71,1012.01,89.97,0,normal,Normal operating conditions
2026-08-29T03:18:42.468104+00:00,19.74,1011.96,90.15,0,normal,Normal operating conditions
2026-08-29T03:19:42.468104+00:00,20.08,1011.94,90.1,0,normal,Normal operating conditions
2026-08-29T03:20:42.468104+00:00,20.0,1011.92,90.56,0,normal,Normal operating conditions
2026-08-29T03:21:42.468104+00:00,19.91,1011.9,89.89,0,normal,Normal operating conditions
2026-08-29T03:22:42.468104+00:00,19.8,1011.78,90.04,0,normal,Normal operating conditions
2026-08-29T03:23:42.468104+00:00,20.14,1011.79,89.38,0,normal,Normal operating conditions
2026-08-29T03:24:42.468104+00:00,20.22,1011.76,89.8,0,normal,Normal operating conditions
2026-08-29T03:25:42.468104+00:00,20.15,1011.75,89.67,0,normal,Normal operating conditions
2026-08-29T03:26:42.468104+00:00,20.22,1011.77,89.44,0,normal,Normal operating conditions
2026-08-29T03:27:42.468104+00:00,20.16,1011.7,89.54,0,normal,Normal operating conditions
2026-08-29T03:28:42.468104+00:00,19.92,1011.71,89.75,0,normal,Normal operating conditions
2026-08-29T03:29:42.468104+00:00,19.95,1011.81,89.65,0,normal,Normal operating conditions
2026-08-29T03:30:42.468104+00:00,20.09,1011.92,89.74,0,normal,Normal operating conditions
2026-08-29T03:31:42.468104+00:00,20.18,1012.01,89.51,0,normal,Normal operating conditions
2026-08-29T03:32:42.468104+00:00,19.99,1012.07,89.64,0,normal,Normal operating conditions
2026-08-29T03:33:42.468104+00:00,20.12,1012.02,89.25,0,normal,Normal operating conditions
2026-08-29T03:34:42.468104+00:00,20.16,1012.04,88.54,0,normal,Normal operating conditions
2026-08-29T03:35:42.468104+00:00,20.18,1011.92,88.22,0,normal,Normal operating conditions
2026-08-29T03:36:42.468104+00:00,20.32,1012.1,87.82,0,normal,Normal operating conditions
2026-08-29T03:37:42.468104+00:00,20.25,1012.13,88.5,0,normal,Normal operating conditions
2026-08-29T03:38:42.468104+00:00,20.17,1012.12,89.05,0,normal,Normal operating conditions
2026-08-29T03:39:42.468104+00:00,20.11,1012.2,88.48,0,normal,Normal operating conditions
2026-08-29T03:40:42.468104+00:00,20.07,1012.09,88.11,0,normal,Normal operating conditions
2026-08-29T03:41:42.468104+00:00,20.17,1012.12,88.02,0,normal,Normal operating conditions
2026-08-29T03:42:42.468104+00:00,,,,1,missing_data,Packet loss / telemetry dropout on all
2026-08-29T03:43:42.468104+00:00,,,,1,missing_data,Packet loss / telemetry dropout on all
2026-08-29T03:44:42.468104+00:00,,,,1,missing_data,Packet loss / telemetry dropout on all
2026-08-29T03:45:42.468104+00:00,,,,1,missing_data,Packet loss / telemetry dropout on all
2026-08-29T03:46:42.468104+00:00,,,,1,missing_data,Packet loss / telemetry dropout on all
2026-08-29T03:47:42.468104+00:00,,,,1,missing_data,Packet loss / telemetry dropout on all
2026-08-29T03:48:42.468104+00:00,20.1,1012.3,88.66,0,normal,Normal operating conditions
2026-08-29T03:49:42.468104+00:00,20.09,1012.31,88.5,0,normal,Normal operating conditions
2026-08-29T03:50:42.468104+00:00,20.06,1012.4,88.54,0,normal,Normal operating conditions
2026-08-29T03:51:42.468104+00:00,20.09,1012.33,88.16,0,normal,Normal operating conditions
2026-08-29T03:52:42.468104+00:00,20.35,1012.34,87.87,0,normal,Normal operating conditions
2026-08-29T03:53:42.468104+00:00,20.51,1012.39,88.08,0,normal,Normal operating conditions
2026-08-29T03:54:42.468104+00:00,20.46,1012.39,88.0,0,normal,Normal operating conditions
2026-08-29T03:55:42.468104+00:00,20.27,1012.41,88.09,0,normal,Normal operating conditions
2026-08-29T03:56:42.468104+00:00,20.48,1012.44,87.25,0,normal,Normal operating conditions
2026-08-29T03:57:42.468104+00:00,20.45,1012.68,87.59,0,normal,Normal operating conditions
2026-08-29T03:58:42.468104+00:00,20.33,1012.73,87.34,0,normal,Normal operating conditions
2026-08-29T03:59:42.468104+00:00,20.16,1012.71,87.39,0,normal,Normal operating conditions
2026-08-29T04:00:42.468104+00:00,19.94,1012.62,87.41,0,normal,Normal operating conditions
2026-08-29T04:01:42.468104+00:00,19.91,1012.67,87.0,0,normal,Normal operating conditions
2026-08-29T04:02:42.468104+00:00,20.03,1012.58,87.61,0,normal,Normal operating conditions
2026-08-29T04:03:42.468104+00:00,19.84,1012.51,87.74,0,normal,Normal operating conditions
2026-08-29T04:04:42.468104+00:00,20.08,1012.57,87.91,0,normal,Normal operating conditions
2026-08-29T04:05:42.468104+00:00,20.09,1012.51,87.7,0,normal,Normal operating conditions
2026-08-29T04:06:42.468104+00:00,19.97,1012.43,87.8,0,normal,Normal operating conditions
2026-08-29T04:07:42.468104+00:00,19.86,1012.49,87.3,0,normal,Normal operating conditions
2026-08-29T04:08:42.468104+00:00,19.93,1012.49,87.79,0,normal,Normal operating conditions
2026-08-29T04:09:42.468104+00:00,20.01,1012.62,87.47,0,normal,Normal operating conditions
2026-08-29T04:10:42.468104+00:00,20.04,1012.57,87.3,0,normal,Normal operating conditions
2026-08-29T04:11:42.468104+00:00,20.04,1012.54,86.85,0,normal,Normal operating conditions
2026-08-29T04:12:42.468104+00:00,19.9,1012.39,86.49,0,normal,Normal operating conditions
2026-08-29T04:13:42.468104+00:00,20.02,1012.3,86.05,0,normal,Normal operating conditions
2026-08-29T04:14:42.468104+00:00,20.26,1012.31,86.23,0,normal,Normal operating conditions
2026-08-29T04:15:42.468104+00:00,20.36,1012.42,85.74,0,normal,Normal operating conditions
2026-08-29T04:16:42.468104+00:00,20.34,1012.34,86.68,0,normal,Normal operating conditions
2026-08-29T04:17:42.468104+00:00,20.16,1012.31,86.32,0,normal,Normal operating conditions
2026-08-29T04:18:42.468104+00:00,20.01,1012.47,87.2,0,normal,Normal operating conditions
2026-08-29T04:19:42.468104+00:00,19.99,1012.42,86.37,0,normal,Normal operating conditions
2026-08-29T04:20:42.468104+00:00,20.0,1012.44,86.16,0,normal,Normal operating conditions
2026-08-29T04:21:42.468104+00:00,20.07,1012.53,86.3,0,normal,Normal operating conditions
2026-08-29T04:22:42.468104+00:00,20.07,1012.48,86.54,0,normal,Normal operating conditions
2026-08-29T04:23:42.468104+00:00,20.12,1012.61,86.81,0,normal,Normal operating conditions
2026-08-29T04:24:42.468104+00:00,19.98,1012.53,86.5,0,normal,Normal operating conditions
2026-08-29T04:25:42.468104+00:00,19.91,1012.64,86.61,0,normal,Normal operating conditions
2026-08-29T04:26:42.468104+00:00,20.1,1012.72,86.65,0,normal,Normal operating conditions
2026-08-29T04:27:42.468104+00:00,20.29,1012.79,86.64,0,normal,Normal operating conditions
2026-08-29T04:28:42.468104+00:00,20.5,1012.83,86.49,0,normal,Normal operating conditions
2026-08-29T04:29:42.468104+00:00,20.41,1012.92,86.88,0,normal,Normal operating conditions
2026-08-29T04:30:42.468104+00:00,20.43,1013.04,86.12,0,normal,Normal operating conditions
2026-08-29T04:31:42.468104+00:00,20.44,1013.06,85.85,0,normal,Normal operating conditions
2026-08-29T04:32:42.468104+00:00,20.75,1013.06,85.71,0,normal,Normal operating conditions
2026-08-29T04:33:42.468104+00:00,20.76,1012.92,85.45,0,normal,Normal operating conditions
2026-08-29T04:34:42.468104+00:00,20.88,1012.9,85.18,0,normal,Normal operating conditions
2026-08-29T04:35:42.468104+00:00,21.03,1013.03,85.41,0,normal,Normal operating conditions
2026-08-29T04:36:42.468104+00:00,20.96,1013.04,85.14,0,normal,Normal operating conditions
2026-08-29T04:37:42.468104+00:00,20.83,1012.97,84.96,0,normal,Normal operating conditions
2026-08-29T04:38:42.468104+00:00,20.7,1012.88,85.08,0,normal,Normal operating conditions
2026-08-29T04:39:42.468104+00:00,20.75,1013.05,84.87,0,normal,Normal operating conditions
2026-08-29T04:40:42.468104+00:00,20.79,1013.1,84.82,0,normal,Normal operating conditions
2026-08-29T04:41:42.468104+00:00,20.89,1013.18,84.98,0,normal,Normal operating conditions
2026-08-29T04:42:42.468104+00:00,20.86,1013.17,84.52,0,normal,Normal operating conditions
2026-08-29T04:43:42.468104+00:00,20.77,1013.13,84.18,0,normal,Normal operating conditions
2026-08-29T04:44:42.468104+00:00,20.84,1013.25,83.93,0,normal,Normal operating conditions
2026-08-29T04:45:42.468104+00:00,20.89,1013.18,83.92,0,normal,Normal operating conditions
2026-08-29T04:46:42.468104+00:00,20.81,1013.25,83.76,0,normal,Normal operating conditions
2026-08-29T04:47:42.468104+00:00,20.95,1013.24,83.63,0,normal,Normal operating conditions
2026-08-29T04:48:42.468104+00:00,20.81,1013.28,84.04,0,normal,Normal operating conditions
2026-08-29T04:49:42.468104+00:00,20.86,1013.47,84.6,0,normal,Normal operating conditions
2026-08-29T04:50:42.468104+00:00,20.84,1013.44,84.77,0,normal,Normal operating conditions
2026-08-29T04:51:42.468104+00:00,20.76,1013.54,84.89,0,normal,Normal operating conditions
2026-08-29T04:52:42.468104+00:00,20.82,1013.59,85.47,0,normal,Normal operating conditions
2026-08-29T04:53:42.468104+00:00,20.87,1013.57,85.92,0,normal,Normal operating conditions
2026-08-29T04:54:42.468104+00:00,21.01,1013.54,85.8,0,normal,Normal operating conditions
2026-08-29T04:55:42.468104+00:00,21.05,1013.57,85.21,0,normal,Normal operating conditions
2026-08-29T04:56:42.468104+00:00,20.88,1013.5,84.8,0,normal,Normal operating conditions
2026-08-29T04:57:42.468104+00:00,20.83,1013.55,84.7,0,normal,Normal operating conditions
2026-08-29T04:58:42.468104+00:00,20.88,1013.45,84.49,0,normal,Normal operating conditions
2026-08-29T04:59:42.468104+00:00,20.99,1013.51,84.21,0,normal,Normal operating conditions
2026-08-29T05:00:42.468104+00:00,21.03,1013.69,84.19,0,normal,Normal operating conditions
2026-08-29T05:01:42.468104+00:00,20.97,1013.67,84.2,0,normal,Normal operating conditions
2026-08-29T05:02:42.468104+00:00,20.98,1013.66,83.67,0,normal,Normal operating conditions
2026-08-29T05:03:42.468104+00:00,20.9,1013.64,83.62,0,normal,Normal operating conditions
2026-08-29T05:04:42.468104+00:00,20.87,1013.63,83.65,0,normal,Normal operating conditions
2026-08-29T05:05:42.468104+00:00,21.02,1013.62,83.79,0,normal,Normal operating conditions
2026-08-29T05:06:42.468104+00:00,20.98,1013.67,83.91,0,normal,Normal operating conditions
2026-08-29T05:07:42.468104+00:00,21.12,1013.72,84.08,0,normal,Normal operating conditions
2026-08-29T05:08:42.468104+00:00,21.14,1013.74,84.4,0,normal,Normal operating conditions
2026-08-29T05:09:42.468104+00:00,21.09,1013.68,84.39,0,normal,Normal operating conditions
2026-08-29T05:10:42.468104+00:00,21.17,1013.61,84.27,0,normal,Normal operating conditions
2026-08-29T05:11:42.468104+00:00,21.19,1013.44,84.11,0,normal,Normal operating conditions
2026-08-29T05:12:42.468104+00:00,21.2,1013.45,84.53,0,normal,Normal operating conditions
2026-08-29T05:13:42.468104+00:00,21.09,1013.4,83.5,0,normal,Normal operating conditions
2026-08-29T05:14:42.468104+00:00,21.07,1013.4,83.28,0,normal,Normal operating conditions
2026-08-29T05:15:42.468104+00:00,21.25,1013.49,83.28,0,normal,Normal operating conditions
2026-08-29T05:16:42.468104+00:00,21.23,1013.59,83.24,0,normal,Normal operating conditions
2026-08-29T05:17:42.468104+00:00,21.17,1013.47,83.04,0,normal,Normal operating conditions
2026-08-29T05:18:42.468104+00:00,21.3,1013.67,83.04,0,normal,Normal operating conditions
2026-08-29T05:19:42.468104+00:00,21.24,1013.58,83.2,0,normal,Normal operating conditions
2026-08-29T05:20:42.468104+00:00,21.07,1013.64,83.43,0,normal,Normal operating conditions
2026-08-29T05:21:42.468104+00:00,21.18,1013.63,83.55,0,normal,Normal operating conditions
2026-08-29T05:22:42.468104+00:00,21.25,1013.58,84.1,0,normal,Normal operating conditions
2026-08-29T05:23:42.468104+00:00,47.8,1045.0,97.5,1,multivariate_inconsistency,Multivariate thermodynamic inconsistency (47.8°C + 97.5% RH violates psychrometric ceiling)
2026-08-29T05:24:42.468104+00:00,47.8,1045.0,97.5,1,multivariate_inconsistency,Multivariate thermodynamic inconsistency (47.8°C + 97.5% RH violates psychrometric ceiling)
2026-08-29T05:25:42.468104+00:00,47.8,1045.0,97.5,1,multivariate_inconsistency,Multivariate thermodynamic inconsistency (47.8°C + 97.5% RH violates psychrometric ceiling)
2026-08-29T05:26:42.468104+00:00,47.8,1045.0,97.5,1,multivariate_inconsistency,Multivariate thermodynamic inconsistency (47.8°C + 97.5% RH violates psychrometric ceiling)
2026-08-29T05:27:42.468104+00:00,47.8,1045.0,97.5,1,multivariate_inconsistency,Multivariate thermodynamic inconsistency (47.8°C + 97.5% RH violates psychrometric ceiling)
2026-08-29T05:28:42.468104+00:00,47.8,1045.0,97.5,1,multivariate_inconsistency,Multivariate thermodynamic inconsistency (47.8°C + 97.5% RH violates psychrometric ceiling)
2026-08-29T05:29:42.468104+00:00,47.8,1045.0,97.5,1,multivariate_inconsistency,Multivariate thermodynamic inconsistency (47.8°C + 97.5% RH violates psychrometric ceiling)
2026-08-29T05:30:42.468104+00:00,47.8,1045.0,97.5,1,multivariate_inconsistency,Multivariate thermodynamic inconsistency (47.8°C + 97.5% RH violates psychrometric ceiling)
2026-08-29T05:31:42.468104+00:00,47.8,1045.0,97.5,1,multivariate_inconsistency,Multivariate thermodynamic inconsistency (47.8°C + 97.5% RH violates psychrometric ceiling)
2026-08-29T05:32:42.468104+00:00,47.8,1045.0,97.5,1,multivariate_inconsistency,Multivariate thermodynamic inconsistency (47.8°C + 97.5% RH violates psychrometric ceiling)
2026-08-29T05:33:42.468104+00:00,47.8,1045.0,97.5,1,multivariate_inconsistency,Multivariate thermodynamic inconsistency (47.8°C + 97.5% RH violates psychrometric ceiling)
2026-08-29T05:34:42.468104+00:00,47.8,1045.0,97.5,1,multivariate_inconsistency,Multivariate thermodynamic inconsistency (47.8°C + 97.5% RH violates psychrometric ceiling)
2026-08-29T05:35:42.468104+00:00,21.59,1014.02,82.97,0,normal,Normal operating conditions
2026-08-29T05:36:42.468104+00:00,21.59,1014.12,82.19,0,normal,Normal operating conditions
2026-08-29T05:37:42.468104+00:00,21.64,1014.26,82.06,0,normal,Normal operating conditions
2026-08-29T05:38:42.468104+00:00,21.48,1014.2,82.49,0,normal,Normal operating conditions
2026-08-29T05:39:42.468104+00:00,21.58,1014.11,82.13,0,normal,Normal operating conditions
2026-08-29T05:40:42.468104+00:00,21.57,1014.12,82.5,0,normal,Normal operating conditions
2026-08-29T05:41:42.468104+00:00,21.75,1014.14,81.9,0,normal,Normal operating conditions
2026-08-29T05:42:42.468104+00:00,21.63,1014.17,81.34,0,normal,Normal operating conditions
2026-08-29T05:43:42.468104+00:00,21.66,1014.17,80.89,0,normal,Normal operating conditions
2026-08-29T05:44:42.468104+00:00,21.59,1014.14,81.04,0,normal,Normal operating conditions
2026-08-29T05:45:42.468104+00:00,21.78,1014.17,81.02,0,normal,Normal operating conditions
2026-08-29T05:46:42.468104+00:00,21.74,1014.07,80.79,0,normal,Normal operating conditions
2026-08-29T05:47:42.468104+00:00,21.84,1014.09,80.02,0,normal,Normal operating conditions
2026-08-29T05:48:42.468104+00:00,21.79,1014.17,80.06,0,normal,Normal operating conditions
2026-08-29T05:49:42.468104+00:00,21.67,1014.34,80.06,0,normal,Normal operating conditions
2026-08-29T05:50:42.468104+00:00,21.79,1014.34,79.93,0,normal,Normal operating conditions
2026-08-29T05:51:42.468104+00:00,21.76,1014.48,80.28,0,normal,Normal operating conditions
2026-08-29T05:52:42.468104+00:00,21.92,1014.49,79.9,0,normal,Normal operating conditions
2026-08-29T05:53:42.468104+00:00,22.12,1014.38,79.99,0,normal,Normal operating conditions
2026-08-29T05:54:42.468104+00:00,21.96,1014.18,80.08,0,normal,Normal operating conditions
2026-08-29T05:55:42.468104+00:00,21.92,1014.0,80.23,0,normal,Normal operating conditions
2026-08-29T05:56:42.468104+00:00,22.23,1014.11,80.08,0,normal,Normal operating conditions
2026-08-29T05:57:42.468104+00:00,22.27,1014.17,80.42,0,normal,Normal operating conditions
2026-08-29T05:58:42.468104+00:00,22.26,1014.16,80.44,0,normal,Normal operating conditions
2026-08-29T05:59:42.468104+00:00,22.36,1014.14,80.3,0,normal,Normal operating conditions
2026-08-29T06:00:42.468104+00:00,22.56,1014.22,80.38,0,normal,Normal operating conditions
2026-08-29T06:01:42.468104+00:00,22.78,1014.17,80.84,0,normal,Normal operating conditions
2026-08-29T06:02:42.468104+00:00,22.85,1014.42,80.28,0,normal,Normal operating conditions
2026-08-29T06:03:42.468104+00:00,22.77,1014.42,80.31,0,normal,Normal operating conditions
2026-08-29T06:04:42.468104+00:00,23.01,1014.33,80.5,0,normal,Normal operating conditions
2026-08-29T06:05:42.468104+00:00,23.14,1014.36,80.02,0,normal,Normal operating conditions
2026-08-29T06:06:42.468104+00:00,23.29,1014.43,80.12,0,normal,Normal operating conditions
2026-08-29T06:07:42.468104+00:00,23.29,1014.41,79.96,0,normal,Normal operating conditions
2026-08-29T06:08:42.468104+00:00,23.34,1014.38,79.54,0,normal,Normal operating conditions
2026-08-29T06:09:42.468104+00:00,23.18,1014.29,79.53,0,normal,Normal operating conditions
2026-08-29T06:10:42.468104+00:00,23.17,1014.29,79.6,0,normal,Normal operating conditions
2026-08-29T06:11:42.468104+00:00,23.08,1014.38,79.39,0,normal,Normal operating conditions
2026-08-29T06:12:42.468104+00:00,23.03,1014.39,78.64,0,normal,Normal operating conditions
2026-08-29T06:13:42.468104+00:00,22.94,1014.44,77.98,0,normal,Normal operating conditions
2026-08-29T06:14:42.468104+00:00,23.09,1014.53,77.84,0,normal,Normal operating conditions
2026-08-29T06:15:42.468104+00:00,23.13,1014.57,77.67,0,normal,Normal operating conditions
2026-08-29T06:16:42.468104+00:00,23.24,1014.48,77.51,0,normal,Normal operating conditions
2026-08-29T06:17:42.468104+00:00,23.15,1014.47,77.92,0,normal,Normal operating conditions
2026-08-29T06:18:42.468104+00:00,23.13,1014.33,77.51,0,normal,Normal operating conditions
2026-08-29T06:19:42.468104+00:00,23.19,1014.45,77.64,0,normal,Normal operating conditions
2026-08-29T06:20:42.468104+00:00,23.15,1014.48,77.53,0,normal,Normal operating conditions
2026-08-29T06:21:42.468104+00:00,23.12,1014.36,77.99,0,normal,Normal operating conditions
2026-08-29T06:22:42.468104+00:00,22.84,1014.4,77.76,0,normal,Normal operating conditions
2026-08-29T06:23:42.468104+00:00,22.83,1014.5,77.45,0,normal,Normal operating conditions
2026-08-29T06:24:42.468104+00:00,22.8,1014.45,77.56,0,normal,Normal operating conditions
2026-08-29T06:25:42.468104+00:00,22.8,1014.29,77.19,0,normal,Normal operating conditions
2026-08-29T06:26:42.468104+00:00,23.01,1014.28,77.32,0,normal,Normal operating conditions
2026-08-29T06:27:42.468104+00:00,23.01,1014.2,77.85,0,normal,Normal operating conditions
2026-08-29T06:28:42.468104+00:00,23.03,1014.15,78.13,0,normal,Normal operating conditions
2026-08-29T06:29:42.468104+00:00,22.99,1014.09,78.0,0,normal,Normal operating conditions
2026-08-29T06:30:42.468104+00:00,23.04,1014.11,78.6,0,normal,Normal operating conditions
2026-08-29T06:31:42.468104+00:00,23.13,1013.91,78.52,0,normal,Normal operating conditions
2026-08-29T06:32:42.468104+00:00,23.17,1013.92,78.42,0,normal,Normal operating conditions
2026-08-29T06:33:42.468104+00:00,23.21,1013.92,78.44,0,normal,Normal operating conditions
2026-08-29T06:34:42.468104+00:00,23.19,1013.85,79.3,0,normal,Normal operating conditions
